[{"model": "admin.logentry", "pk": 1, "fields": {"action_time": "2025-08-29T20:24:46.937Z", "user": 1, "content_type": 9, "object_id": "1", "object_repr": "Level object (1)", "action_flag": 1, "change_message": "[{\"added\": {}}]"}}, {"model": "admin.logentry", "pk": 2, "fields": {"action_time": "2025-08-29T20:24:58.901Z", "user": 1, "content_type": 9, "object_id": "2", "object_repr": "Level object (2)", "action_flag": 1, "change_message": "[{\"added\": {}}]"}}, {"model": "admin.logentry", "pk": 3, "fields": {"action_time": "2025-08-29T20:25:24.525Z", "user": 1, "content_type": 9, "object_id": "3", "object_repr": "Level object (3)", "action_flag": 1, "change_message": "[{\"added\": {}}]"}}, {"model": "admin.logentry", "pk": 4, "fields": {"action_time": "2025-08-29T20:25:39.766Z", "user": 1, "content_type": 9, "object_id": "4", "object_repr": "Level object (4)", "action_flag": 1, "change_message": "[{\"added\": {}}]"}}, {"model": "admin.logentry", "pk": 5, "fields": {"action_time": "2025-08-29T20:25:56.406Z", "user": 1, "content_type": 9, "object_id": "5", "object_repr": "Level object (5)", "action_flag": 1, "change_message": "[{\"added\": {}}]"}}, {"model": "admin.logentry", "pk": 6, "fields": {"action_time": "2025-08-29T20:26:02.965Z", "user": 1, "content_type": 9, "object_id": "1", "object_repr": "Level object (1)", "action_flag": 2, "change_message": "[]"}}, {"model": "admin.logentry", "pk": 7, "fields": {"action_time": "2025-08-29T20:26:45.721Z", "user": 1, "content_type": 15, "object_id": "1", "object_repr": "Question object (1)", "action_flag": 1, "change_message": "[{\"added\": {}}]"}}, {"model": "admin.logentry", "pk": 8, "fields": {"action_time": "2025-08-29T20:35:26.086Z", "user": 1, "content_type": 15, "object_id": "2", "object_repr": "Question object (2)", "action_flag": 1, "change_message": "[{\"added\": {}}]"}}, {"model": "admin.logentry", "pk": 9, "fields": {"action_time": "2025-08-29T20:35:50.256Z", "user": 1, "content_type": 15, "object_id": "3", "object_repr": "Question object (3)", "action_flag": 1, "change_message": "[{\"added\": {}}]"}}, {"model": "admin.logentry", "pk": 10, "fields": {"action_time": "2025-08-29T20:41:08.897Z", "user": 1, "content_type": 15, "object_id": "4", "object_repr": "Question object (4)", "action_flag": 1, "change_message": "[{\"added\": {}}]"}}, {"model": "admin.logentry", "pk": 11, "fields": {"action_time": "2025-08-29T20:41:24.590Z", "user": 1, "content_type": 15, "object_id": "5", "object_repr": "Question object (5)", "action_flag": 1, "change_message": "[{\"added\": {}}]"}}, {"model": "admin.logentry", "pk": 12, "fields": {"action_time": "2025-08-29T20:41:44.101Z", "user": 1, "content_type": 15, "object_id": "6", "object_repr": "Question object (6)", "action_flag": 1, "change_message": "[{\"added\": {}}]"}}, {"model": "admin.logentry", "pk": 13, "fields": {"action_time": "2025-08-29T20:42:20.914Z", "user": 1, "content_type": 15, "object_id": "7", "object_repr": "Question object (7)", "action_flag": 1, "change_message": "[{\"added\": {}}]"}}, {"model": "admin.logentry", "pk": 14, "fields": {"action_time": "2025-08-29T20:48:54.164Z", "user": 1, "content_type": 15, "object_id": "8", "object_repr": "Question object (8)", "action_flag": 1, "change_message": "[{\"added\": {}}]"}}, {"model": "admin.logentry", "pk": 15, "fields": {"action_time": "2025-08-29T20:49:09.814Z", "user": 1, "content_type": 15, "object_id": "9", "object_repr": "Question object (9)", "action_flag": 1, "change_message": "[{\"added\": {}}]"}}, {"model": "admin.logentry", "pk": 16, "fields": {"action_time": "2025-08-29T20:49:31.702Z", "user": 1, "content_type": 15, "object_id": "10", "object_repr": "Question object (10)", "action_flag": 1, "change_message": "[{\"added\": {}}]"}}, {"model": "admin.logentry", "pk": 17, "fields": {"action_time": "2025-08-29T20:50:37.342Z", "user": 1, "content_type": 15, "object_id": "11", "object_repr": "Question object (11)", "action_flag": 1, "change_message": "[{\"added\": {}}]"}}, {"model": "admin.logentry", "pk": 18, "fields": {"action_time": "2025-08-29T20:50:56.082Z", "user": 1, "content_type": 15, "object_id": "12", "object_repr": "Question object (12)", "action_flag": 1, "change_message": "[{\"added\": {}}]"}}, {"model": "admin.logentry", "pk": 19, "fields": {"action_time": "2025-08-29T20:51:13.924Z", "user": 1, "content_type": 15, "object_id": "13", "object_repr": "Question object (13)", "action_flag": 1, "change_message": "[{\"added\": {}}]"}}, {"model": "admin.logentry", "pk": 20, "fields": {"action_time": "2025-08-29T20:51:32.343Z", "user": 1, "content_type": 15, "object_id": "14", "object_repr": "Question object (14)", "action_flag": 1, "change_message": "[{\"added\": {}}]"}}, {"model": "admin.logentry", "pk": 21, "fields": {"action_time": "2025-08-29T20:51:48.763Z", "user": 1, "content_type": 15, "object_id": "15", "object_repr": "Question object (15)", "action_flag": 1, "change_message": "[{\"added\": {}}]"}}, {"model": "admin.logentry", "pk": 22, "fields": {"action_time": "2025-08-29T20:55:27.905Z", "user": 1, "content_type": 16, "object_id": "1", "object_repr": "Answer object (1)", "action_flag": 1, "change_message": "[{\"added\": {}}]"}}, {"model": "admin.logentry", "pk": 23, "fields": {"action_time": "2025-08-29T20:55:46.185Z", "user": 1, "content_type": 16, "object_id": "2", "object_repr": "Answer object (2)", "action_flag": 1, "change_message": "[{\"added\": {}}]"}}, {"model": "admin.logentry", "pk": 24, "fields": {"action_time": "2025-08-29T20:56:01.999Z", "user": 1, "content_type": 16, "object_id": "3", "object_repr": "Answer object (3)", "action_flag": 1, "change_message": "[{\"added\": {}}]"}}, {"model": "admin.logentry", "pk": 25, "fields": {"action_time": "2025-08-29T20:59:08.799Z", "user": 1, "content_type": 16, "object_id": "4", "object_repr": "Answer object (4)", "action_flag": 1, "change_message": "[{\"added\": {}}]"}}, {"model": "admin.logentry", "pk": 26, "fields": {"action_time": "2025-08-29T21:01:07.914Z", "user": 1, "content_type": 16, "object_id": "4", "object_repr": "Answer object (4)", "action_flag": 2, "change_message": "[{\"changed\": {\"fields\": [\"Option answer\"]}}]"}}, {"model": "admin.logentry", "pk": 27, "fields": {"action_time": "2025-08-29T21:01:30.392Z", "user": 1, "content_type": 16, "object_id": "5", "object_repr": "Answer object (5)", "action_flag": 1, "change_message": "[{\"added\": {}}]"}}, {"model": "admin.logentry", "pk": 28, "fields": {"action_time": "2025-08-29T21:01:47.700Z", "user": 1, "content_type": 16, "object_id": "6", "object_repr": "Answer object (6)", "action_flag": 1, "change_message": "[{\"added\": {}}]"}}, {"model": "admin.logentry", "pk": 29, "fields": {"action_time": "2025-08-29T21:02:06.483Z", "user": 1, "content_type": 16, "object_id": "7", "object_repr": "Answer object (7)", "action_flag": 1, "change_message": "[{\"added\": {}}]"}}, {"model": "admin.logentry", "pk": 30, "fields": {"action_time": "2025-08-29T21:02:26.847Z", "user": 1, "content_type": 16, "object_id": "8", "object_repr": "Answer object (8)", "action_flag": 1, "change_message": "[{\"added\": {}}]"}}, {"model": "admin.logentry", "pk": 31, "fields": {"action_time": "2025-08-29T21:02:40.884Z", "user": 1, "content_type": 16, "object_id": "9", "object_repr": "Answer object (9)", "action_flag": 1, "change_message": "[{\"added\": {}}]"}}, {"model": "admin.logentry", "pk": 32, "fields": {"action_time": "2025-08-29T21:03:32.961Z", "user": 1, "content_type": 16, "object_id": "10", "object_repr": "Answer object (10)", "action_flag": 1, "change_message": "[{\"added\": {}}]"}}, {"model": "admin.logentry", "pk": 33, "fields": {"action_time": "2025-08-29T21:04:27.280Z", "user": 1, "content_type": 16, "object_id": "11", "object_repr": "Answer object (11)", "action_flag": 1, "change_message": "[{\"added\": {}}]"}}, {"model": "admin.logentry", "pk": 34, "fields": {"action_time": "2025-08-29T21:04:42.659Z", "user": 1, "content_type": 16, "object_id": "12", "object_repr": "Answer object (12)", "action_flag": 1, "change_message": "[{\"added\": {}}]"}}, {"model": "admin.logentry", "pk": 35, "fields": {"action_time": "2025-08-29T21:05:08.608Z", "user": 1, "content_type": 16, "object_id": "13", "object_repr": "Answer object (13)", "action_flag": 1, "change_message": "[{\"added\": {}}]"}}, {"model": "admin.logentry", "pk": 36, "fields": {"action_time": "2025-08-29T21:05:25.210Z", "user": 1, "content_type": 16, "object_id": "14", "object_repr": "Answer object (14)", "action_flag": 1, "change_message": "[{\"added\": {}}]"}}, {"model": "admin.logentry", "pk": 37, "fields": {"action_time": "2025-08-29T21:05:59.342Z", "user": 1, "content_type": 16, "object_id": "15", "object_repr": "Answer object (15)", "action_flag": 1, "change_message": "[{\"added\": {}}]"}}, {"model": "admin.logentry", "pk": 38, "fields": {"action_time": "2025-08-29T21:06:22.639Z", "user": 1, "content_type": 16, "object_id": "16", "object_repr": "Answer object (16)", "action_flag": 1, "change_message": "[{\"added\": {}}]"}}, {"model": "admin.logentry", "pk": 39, "fields": {"action_time": "2025-08-29T21:06:35.431Z", "user": 1, "content_type": 16, "object_id": "17", "object_repr": "Answer object (17)", "action_flag": 1, "change_message": "[{\"added\": {}}]"}}, {"model": "admin.logentry", "pk": 40, "fields": {"action_time": "2025-08-29T21:06:51.607Z", "user": 1, "content_type": 16, "object_id": "18", "object_repr": "Answer object (18)", "action_flag": 1, "change_message": "[{\"added\": {}}]"}}, {"model": "admin.logentry", "pk": 41, "fields": {"action_time": "2025-08-29T21:07:08.749Z", "user": 1, "content_type": 16, "object_id": "19", "object_repr": "Answer object (19)", "action_flag": 1, "change_message": "[{\"added\": {}}]"}}, {"model": "admin.logentry", "pk": 42, "fields": {"action_time": "2025-08-29T21:07:33.294Z", "user": 1, "content_type": 16, "object_id": "20", "object_repr": "Answer object (20)", "action_flag": 1, "change_message": "[{\"added\": {}}]"}}, {"model": "admin.logentry", "pk": 43, "fields": {"action_time": "2025-08-29T21:07:50.428Z", "user": 1, "content_type": 16, "object_id": "21", "object_repr": "Answer object (21)", "action_flag": 1, "change_message": "[{\"added\": {}}]"}}, {"model": "admin.logentry", "pk": 44, "fields": {"action_time": "2025-08-29T21:08:04.849Z", "user": 1, "content_type": 16, "object_id": "22", "object_repr": "Answer object (22)", "action_flag": 1, "change_message": "[{\"added\": {}}]"}}, {"model": "admin.logentry", "pk": 45, "fields": {"action_time": "2025-08-29T21:08:17.241Z", "user": 1, "content_type": 16, "object_id": "23", "object_repr": "Answer object (23)", "action_flag": 1, "change_message": "[{\"added\": {}}]"}}, {"model": "admin.logentry", "pk": 46, "fields": {"action_time": "2025-08-29T21:08:28.902Z", "user": 1, "content_type": 16, "object_id": "24", "object_repr": "Answer object (24)", "action_flag": 1, "change_message": "[{\"added\": {}}]"}}, {"model": "admin.logentry", "pk": 47, "fields": {"action_time": "2025-08-29T21:09:16.034Z", "user": 1, "content_type": 16, "object_id": "25", "object_repr": "Answer object (25)", "action_flag": 1, "change_message": "[{\"added\": {}}]"}}, {"model": "admin.logentry", "pk": 48, "fields": {"action_time": "2025-08-29T21:09:29.880Z", "user": 1, "content_type": 16, "object_id": "26", "object_repr": "Answer object (26)", "action_flag": 1, "change_message": "[{\"added\": {}}]"}}, {"model": "admin.logentry", "pk": 49, "fields": {"action_time": "2025-08-29T21:09:41.955Z", "user": 1, "content_type": 16, "object_id": "27", "object_repr": "Answer object (27)", "action_flag": 1, "change_message": "[{\"added\": {}}]"}}, {"model": "admin.logentry", "pk": 50, "fields": {"action_time": "2025-08-29T21:09:58.527Z", "user": 1, "content_type": 16, "object_id": "28", "object_repr": "Answer object (28)", "action_flag": 1, "change_message": "[{\"added\": {}}]"}}, {"model": "admin.logentry", "pk": 51, "fields": {"action_time": "2025-08-29T21:10:31.119Z", "user": 1, "content_type": 16, "object_id": "29", "object_repr": "Answer object (29)", "action_flag": 1, "change_message": "[{\"added\": {}}]"}}, {"model": "admin.logentry", "pk": 52, "fields": {"action_time": "2025-08-29T21:10:46.531Z", "user": 1, "content_type": 16, "object_id": "30", "object_repr": "Answer object (30)", "action_flag": 1, "change_message": "[{\"added\": {}}]"}}, {"model": "admin.logentry", "pk": 53, "fields": {"action_time": "2025-08-29T21:11:12.474Z", "user": 1, "content_type": 16, "object_id": "31", "object_repr": "Answer object (31)", "action_flag": 1, "change_message": "[{\"added\": {}}]"}}, {"model": "admin.logentry", "pk": 54, "fields": {"action_time": "2025-08-29T21:11:24.491Z", "user": 1, "content_type": 16, "object_id": "32", "object_repr": "Answer object (32)", "action_flag": 1, "change_message": "[{\"added\": {}}]"}}, {"model": "admin.logentry", "pk": 55, "fields": {"action_time": "2025-08-29T21:11:48.392Z", "user": 1, "content_type": 16, "object_id": "33", "object_repr": "Answer object (33)", "action_flag": 1, "change_message": "[{\"added\": {}}]"}}, {"model": "admin.logentry", "pk": 56, "fields": {"action_time": "2025-08-29T21:12:11.193Z", "user": 1, "content_type": 16, "object_id": "34", "object_repr": "Answer object (34)", "action_flag": 1, "change_message": "[{\"added\": {}}]"}}, {"model": "admin.logentry", "pk": 57, "fields": {"action_time": "2025-08-29T21:12:35.303Z", "user": 1, "content_type": 16, "object_id": "35", "object_repr": "Answer object (35)", "action_flag": 1, "change_message": "[{\"added\": {}}]"}}, {"model": "admin.logentry", "pk": 58, "fields": {"action_time": "2025-08-29T21:12:49.308Z", "user": 1, "content_type": 16, "object_id": "36", "object_repr": "Answer object (36)", "action_flag": 1, "change_message": "[{\"added\": {}}]"}}, {"model": "admin.logentry", "pk": 59, "fields": {"action_time": "2025-08-29T21:13:07.571Z", "user": 1, "content_type": 16, "object_id": "37", "object_repr": "Answer object (37)", "action_flag": 1, "change_message": "[{\"added\": {}}]"}}, {"model": "admin.logentry", "pk": 60, "fields": {"action_time": "2025-08-29T21:13:31.423Z", "user": 1, "content_type": 16, "object_id": "38", "object_repr": "Answer object (38)", "action_flag": 1, "change_message": "[{\"added\": {}}]"}}, {"model": "admin.logentry", "pk": 61, "fields": {"action_time": "2025-08-29T21:14:30.753Z", "user": 1, "content_type": 16, "object_id": "39", "object_repr": "Answer object (39)", "action_flag": 1, "change_message": "[{\"added\": {}}]"}}, {"model": "admin.logentry", "pk": 62, "fields": {"action_time": "2025-08-29T21:15:28.180Z", "user": 1, "content_type": 16, "object_id": "40", "object_repr": "Answer object (40)", "action_flag": 1, "change_message": "[{\"added\": {}}]"}}, {"model": "admin.logentry", "pk": 63, "fields": {"action_time": "2025-08-29T21:15:42.555Z", "user": 1, "content_type": 16, "object_id": "41", "object_repr": "Answer object (41)", "action_flag": 1, "change_message": "[{\"added\": {}}]"}}, {"model": "admin.logentry", "pk": 64, "fields": {"action_time": "2025-08-29T21:15:57.189Z", "user": 1, "content_type": 16, "object_id": "42", "object_repr": "Answer object (42)", "action_flag": 1, "change_message": "[{\"added\": {}}]"}}, {"model": "admin.logentry", "pk": 65, "fields": {"action_time": "2025-08-29T21:16:25.827Z", "user": 1, "content_type": 16, "object_id": "43", "object_repr": "Answer object (43)", "action_flag": 1, "change_message": "[{\"added\": {}}]"}}, {"model": "admin.logentry", "pk": 66, "fields": {"action_time": "2025-08-29T21:16:39.630Z", "user": 1, "content_type": 16, "object_id": "44", "object_repr": "Answer object (44)", "action_flag": 1, "change_message": "[{\"added\": {}}]"}}, {"model": "admin.logentry", "pk": 67, "fields": {"action_time": "2025-08-29T21:16:52.397Z", "user": 1, "content_type": 16, "object_id": "45", "object_repr": "Answer object (45)", "action_flag": 1, "change_message": "[{\"added\": {}}]"}}, {"model": "admin.logentry", "pk": 68, "fields": {"action_time": "2025-08-29T21:18:09.988Z", "user": 1, "content_type": 16, "object_id": "22", "object_repr": "Answer object (22)", "action_flag": 2, "change_message": "[{\"changed\": {\"fields\": [\"Option answer\"]}}]"}}, {"model": "admin.logentry", "pk": 69, "fields": {"action_time": "2025-08-29T21:20:02.353Z", "user": 1, "content_type": 16, "object_id": "28", "object_repr": "Answer object (28)", "action_flag": 2, "change_message": "[{\"changed\": {\"fields\": [\"Option answer\"]}}]"}}, {"model": "admin.logentry", "pk": 70, "fields": {"action_time": "2025-08-29T21:20:08.075Z", "user": 1, "content_type": 16, "object_id": "31", "object_repr": "Answer object (31)", "action_flag": 2, "change_message": "[]"}}, {"model": "admin.logentry", "pk": 71, "fields": {"action_time": "2025-08-29T21:20:12.959Z", "user": 1, "content_type": 16, "object_id": "34", "object_repr": "Answer object (34)", "action_flag": 2, "change_message": "[]"}}, {"model": "admin.logentry", "pk": 72, "fields": {"action_time": "2025-08-29T21:20:18.263Z", "user": 1, "content_type": 16, "object_id": "37", "object_repr": "Answer object (37)", "action_flag": 2, "change_message": "[]"}}, {"model": "admin.logentry", "pk": 73, "fields": {"action_time": "2025-08-29T21:20:23.254Z", "user": 1, "content_type": 16, "object_id": "40", "object_repr": "Answer object (40)", "action_flag": 2, "change_message": "[]"}}, {"model": "admin.logentry", "pk": 74, "fields": {"action_time": "2025-08-29T21:20:29.565Z", "user": 1, "content_type": 16, "object_id": "43", "object_repr": "Answer object (43)", "action_flag": 2, "change_message": "[]"}}, {"model": "admin.logentry", "pk": 75, "fields": {"action_time": "2025-08-29T22:42:31.049Z", "user": 1, "content_type": 8, "object_id": "1", "object_repr": "default_head", "action_flag": 1, "change_message": "[{\"added\": {}}]"}}, {"model": "admin.logentry", "pk": 76, "fields": {"action_time": "2025-08-29T22:44:24.827Z", "user": 1, "content_type": 8, "object_id": "2", "object_repr": "default_body", "action_flag": 1, "change_message": "[{\"added\": {}}]"}}, {"model": "admin.logentry", "pk": 77, "fields": {"action_time": "2025-08-29T22:44:37.961Z", "user": 1, "content_type": 8, "object_id": "3", "object_repr": "default_background", "action_flag": 1, "change_message": "[{\"added\": {}}]"}}, {"model": "admin.logentry", "pk": 78, "fields": {"action_time": "2025-08-29T22:44:50.737Z", "user": 1, "content_type": 8, "object_id": "4", "object_repr": "default_head_red", "action_flag": 1, "change_message": "[{\"added\": {}}]"}}, {"model": "admin.logentry", "pk": 79, "fields": {"action_time": "2025-08-29T22:48:21.800Z", "user": 1, "content_type": 8, "object_id": "5", "object_repr": "default_body_red", "action_flag": 1, "change_message": "[{\"added\": {}}]"}}, {"model": "admin.logentry", "pk": 80, "fields": {"action_time": "2025-08-29T22:48:32.351Z", "user": 1, "content_type": 8, "object_id": "6", "object_repr": "default_background_red", "action_flag": 1, "change_message": "[{\"added\": {}}]"}}, {"model": "admin.logentry", "pk": 81, "fields": {"action_time": "2025-08-29T22:48:43.797Z", "user": 1, "content_type": 8, "object_id": "7", "object_repr": "default_head_blue", "action_flag": 1, "change_message": "[{\"added\": {}}]"}}, {"model": "admin.logentry", "pk": 82, "fields": {"action_time": "2025-08-29T22:48:53.952Z", "user": 1, "content_type": 8, "object_id": "8", "object_repr": "default_body_blue", "action_flag": 1, "change_message": "[{\"added\": {}}]"}}, {"model": "admin.logentry", "pk": 83, "fields": {"action_time": "2025-08-29T22:49:05.078Z", "user": 1, "content_type": 8, "object_id": "9", "object_repr": "default_background_blue", "action_flag": 1, "change_message": "[{\"added\": {}}]"}}, {"model": "admin.logentry", "pk": 84, "fields": {"action_time": "2025-08-29T22:49:15.131Z", "user": 1, "content_type": 8, "object_id": "10", "object_repr": "default_head_yellow", "action_flag": 1, "change_message": "[{\"added\": {}}]"}}, {"model": "admin.logentry", "pk": 85, "fields": {"action_time": "2025-08-29T22:49:38.509Z", "user": 1, "content_type": 8, "object_id": "11", "object_repr": "default_body_yellow", "action_flag": 1, "change_message": "[{\"added\": {}}]"}}, {"model": "admin.logentry", "pk": 86, "fields": {"action_time": "2025-08-29T22:49:49.336Z", "user": 1, "content_type": 8, "object_id": "12", "object_repr": "default_background_yellow", "action_flag": 1, "change_message": "[{\"added\": {}}]"}}, {"model": "admin.logentry", "pk": 87, "fields": {"action_time": "2025-08-29T22:50:06.469Z", "user": 1, "content_type": 8, "object_id": "13", "object_repr": "alien_default_head", "action_flag": 1, "change_message": "[{\"added\": {}}]"}}, {"model": "admin.logentry", "pk": 88, "fields": {"action_time": "2025-08-29T22:50:38.280Z", "user": 1, "content_type": 8, "object_id": "14", "object_repr": "alien_default_body", "action_flag": 1, "change_message": "[{\"added\": {}}]"}}, {"model": "admin.logentry", "pk": 89, "fields": {"action_time": "2025-08-29T22:50:53.950Z", "user": 1, "content_type": 8, "object_id": "15", "object_repr": "alien_default_background", "action_flag": 1, "change_message": "[{\"added\": {}}]"}}, {"model": "admin.logentry", "pk": 90, "fields": {"action_time": "2025-08-29T22:51:08.324Z", "user": 1, "content_type": 8, "object_id": "16", "object_repr": "alien_default_head_red", "action_flag": 1, "change_message": "[{\"added\": {}}]"}}, {"model": "admin.logentry", "pk": 91, "fields": {"action_time": "2025-08-29T22:51:37.799Z", "user": 1, "content_type": 8, "object_id": "17", "object_repr": "alien_default_body_red", "action_flag": 1, "change_message": "[{\"added\": {}}]"}}, {"model": "admin.logentry", "pk": 92, "fields": {"action_time": "2025-08-29T22:51:52.801Z", "user": 1, "content_type": 8, "object_id": "18", "object_repr": "alien_default_background_red", "action_flag": 1, "change_message": "[{\"added\": {}}]"}}, {"model": "admin.logentry", "pk": 93, "fields": {"action_time": "2025-08-29T22:52:10.079Z", "user": 1, "content_type": 8, "object_id": "19", "object_repr": "alien_default_head_blue", "action_flag": 1, "change_message": "[{\"added\": {}}]"}}, {"model": "admin.logentry", "pk": 94, "fields": {"action_time": "2025-08-29T22:52:36.286Z", "user": 1, "content_type": 8, "object_id": "20", "object_repr": "alien_default_body_blue", "action_flag": 1, "change_message": "[{\"added\": {}}]"}}, {"model": "admin.logentry", "pk": 95, "fields": {"action_time": "2025-08-29T22:52:53.415Z", "user": 1, "content_type": 8, "object_id": "21", "object_repr": "alien_default_head_yellow", "action_flag": 1, "change_message": "[{\"added\": {}}]"}}, {"model": "admin.logentry", "pk": 96, "fields": {"action_time": "2025-08-29T22:53:17.827Z", "user": 1, "content_type": 8, "object_id": "22", "object_repr": "alien_default_body_yellow", "action_flag": 1, "change_message": "[{\"added\": {}}]"}}, {"model": "admin.logentry", "pk": 97, "fields": {"action_time": "2025-08-29T22:53:31.318Z", "user": 1, "content_type": 8, "object_id": "23", "object_repr": "armor_default_head", "action_flag": 1, "change_message": "[{\"added\": {}}]"}}, {"model": "admin.logentry", "pk": 98, "fields": {"action_time": "2025-08-29T22:53:46.647Z", "user": 1, "content_type": 8, "object_id": "24", "object_repr": "armor_default_body", "action_flag": 1, "change_message": "[{\"added\": {}}]"}}, {"model": "admin.logentry", "pk": 99, "fields": {"action_time": "2025-08-29T22:53:57.440Z", "user": 1, "content_type": 8, "object_id": "25", "object_repr": "armor_default_background", "action_flag": 1, "change_message": "[{\"added\": {}}]"}}, {"model": "admin.logentry", "pk": 100, "fields": {"action_time": "2025-08-29T23:00:49.069Z", "user": 1, "content_type": 4, "object_id": "2", "object_repr": "11111111-1", "action_flag": 2, "change_message": "[{\"changed\": {\"fields\": [\"password\"]}}]"}}, {"model": "admin.logentry", "pk": 101, "fields": {"action_time": "2025-08-29T23:01:56.734Z", "user": 1, "content_type": 4, "object_id": "2", "object_repr": "11111111-1", "action_flag": 3, "change_message": ""}}, {"model": "admin.logentry", "pk": 102, "fields": {"action_time": "2025-08-29T23:03:45.455Z", "user": 1, "content_type": 17, "object_id": "1", "object_repr": "Timer object (1)", "action_flag": 1, "change_message": "[{\"added\": {}}]"}}, {"model": "auth.user", "pk": 1, "fields": {"password": "pbkdf2_sha256$600000$LZ0ROlB7VTfWsEKq9mZqPq$lgbfvNpNdnztOs8EjmD08F/ieVEQgHJD6sMDdAWTJA8=", "last_login": "2025-08-29T23:03:37.780Z", "is_superuser": true, "username": "admin", "first_name": "", "last_name": "", "email": "", "is_staff": true, "is_active": true, "date_joined": "2025-08-29T19:54:29.206Z", "groups": [], "user_permissions": []}}, {"model": "auth.user", "pk": 3, "fields": {"password": "pbkdf2_sha256$600000$nz5To8zm04oHFooH0uZNyl$EFgkkDX0akJvLZ2m6Whe0Unw+Z8maeUS2vSu6cShMcU=", "last_login": "2025-08-29T23:02:28.684Z", "is_superuser": false, "username": "11111111-1", "first_name": "Developer", "last_name": "Desarrollo", "email": "", "is_staff": false, "is_active": true, "date_joined": "2025-08-29T23:02:13.996Z", "groups": [], "user_permissions": []}}, {"model": "auth.user", "pk": 4, "fields": {"password": "pbkdf2_sha256$600000$mvSGbMerRZtL2B9Gs8qAkS$IXiDpZ9DGFteBxNGkACGnsa1pWn53iMjNIYUEdCK2js=", "last_login": "2025-08-29T23:03:57.433Z", "is_superuser": false, "username": "22222222-2", "first_name": "Estudiante", "last_name": "Prueba", "email": "", "is_staff": false, "is_active": true, "date_joined": "2025-08-29T23:02:54.924Z", "groups": [], "user_permissions": []}}, {"model": "db_spaceuc.followup", "pk": 1, "fields": {"name_follow": "Developer", "last_date_follow": "2025-08-29", "follow_up_points": 0}}, {"model": "db_spaceuc.followup", "pk": 2, "fields": {"name_follow": "Developer", "last_date_follow": "2025-08-29", "follow_up_points": 0}}, {"model": "db_spaceuc.followup", "pk": 3, "fields": {"name_follow": "Estudiante", "last_date_follow": "2025-08-29", "follow_up_points": 0}}, {"model": "db_spaceuc.icon", "pk": 1, "fields": {"name_icon": "default_head", "svg_icon": "<svg  viewBox=\"0 0 250 250\" fill=\"none\" xmlns=\"http://www.w3.org/2000/svg\">\r\n<circle cx=\"125\" cy=\"125\" r=\"124\" fill=\"white\" stroke=\"black\" stroke-width=\"2\" class = \"head_hover\"/>\r\n</svg>", "type_icon": 0, "color": 0}}, {"model": "db_spaceuc.icon", "pk": 2, "fields": {"name_icon": "default_body", "svg_icon": "<svg  viewBox=\"0 0 380 250\" fill=\"none\" xmlns=\"http://www.w3.org/2000/svg\">\r\n<path d=\"M379 125C379 159.073 358.007 190.049 323.801 212.553C289.603 235.052 242.3 249 190 249C137.7 249 90.3974 235.052 56.1993 212.553C21.993 190.049 1 159.073 1 125C1 90.9268 21.993 59.9512 56.1993 37.4471C90.3974 14.9484 137.7 1 190 1C242.3 1 289.603 14.9484 323.801 37.4471C358.007 59.9512 379 90.9268 379 125Z\" fill=\"white\" stroke=\"black\" stroke-width=\"2\" class = \"body_hover\"/>\r\n</svg>", "type_icon": 1, "color": 0}}, {"model": "db_spaceuc.icon", "pk": 3, "fields": {"name_icon": "default_background", "svg_icon": "<svg viewBox=\"0 0 500 500\" fill=\"none\" xmlns=\"http://www.w3.org/2000/svg\">\r\n<circle cx=\"250\" cy=\"250\" r=\"249\" fill=\"white\" stroke=\"black\" stroke-width=\"2\" class = \"background_hover\"/>\r\n</svg>", "type_icon": 2, "color": 0}}, {"model": "db_spaceuc.icon", "pk": 4, "fields": {"name_icon": "default_head_red", "svg_icon": "<svg  viewBox=\"0 0 250 250\" fill=\"none\" xmlns=\"http://www.w3.org/2000/svg\">\r\n<circle cx=\"125\" cy=\"125\" r=\"124\" fill=\"red\" stroke=\"black\" stroke-width=\"2\" class = \"head_hover\"/>\r\n</svg>", "type_icon": 0, "color": 1}}, {"model": "db_spaceuc.icon", "pk": 5, "fields": {"name_icon": "default_body_red", "svg_icon": "<svg  viewBox=\"0 0 380 250\" fill=\"none\" xmlns=\"http://www.w3.org/2000/svg\">\r\n<path d=\"M379 125C379 159.073 358.007 190.049 323.801 212.553C289.603 235.052 242.3 249 190 249C137.7 249 90.3974 235.052 56.1993 212.553C21.993 190.049 1 159.073 1 125C1 90.9268 21.993 59.9512 56.1993 37.4471C90.3974 14.9484 137.7 1 190 1C242.3 1 289.603 14.9484 323.801 37.4471C358.007 59.9512 379 90.9268 379 125Z\" fill=\"red\" stroke=\"black\" stroke-width=\"2\" class = \"body_hover\"/>\r\n</svg>", "type_icon": 1, "color": 1}}, {"model": "db_spaceuc.icon", "pk": 6, "fields": {"name_icon": "default_background_red", "svg_icon": "<svg viewBox=\"0 0 500 500\" fill=\"none\" xmlns=\"http://www.w3.org/2000/svg\">\r\n<circle cx=\"250\" cy=\"250\" r=\"249\" fill=\"red\" stroke=\"black\" stroke-width=\"2\" class = \"background_hover\"/>\r\n</svg>", "type_icon": 2, "color": 1}}, {"model": "db_spaceuc.icon", "pk": 7, "fields": {"name_icon": "default_head_blue", "svg_icon": "<svg  viewBox=\"0 0 250 250\" fill=\"none\" xmlns=\"http://www.w3.org/2000/svg\">\r\n<circle cx=\"125\" cy=\"125\" r=\"124\" fill=\"blue\" stroke=\"black\" stroke-width=\"2\"  class = \"head_hover\"/>\r\n</svg>", "type_icon": 0, "color": 2}}, {"model": "db_spaceuc.icon", "pk": 8, "fields": {"name_icon": "default_body_blue", "svg_icon": "<svg  viewBox=\"0 0 380 250\" fill=\"none\" xmlns=\"http://www.w3.org/2000/svg\">\r\n<path d=\"M379 125C379 159.073 358.007 190.049 323.801 212.553C289.603 235.052 242.3 249 190 249C137.7 249 90.3974 235.052 56.1993 212.553C21.993 190.049 1 159.073 1 125C1 90.9268 21.993 59.9512 56.1993 37.4471C90.3974 14.9484 137.7 1 190 1C242.3 1 289.603 14.9484 323.801 37.4471C358.007 59.9512 379 90.9268 379 125Z\" fill=\"blue\" stroke=\"black\" stroke-width=\"2\" class = \"body_hover\"/>\r\n</svg>", "type_icon": 1, "color": 2}}, {"model": "db_spaceuc.icon", "pk": 9, "fields": {"name_icon": "default_background_blue", "svg_icon": "<svg viewBox=\"0 0 500 500\" fill=\"none\" xmlns=\"http://www.w3.org/2000/svg\">\r\n<circle cx=\"250\" cy=\"250\" r=\"249\" fill=\"blue\" stroke=\"black\" stroke-width=\"2\" class = \"background_hover\"/>\r\n</svg>", "type_icon": 2, "color": 2}}, {"model": "db_spaceuc.icon", "pk": 10, "fields": {"name_icon": "default_head_yellow", "svg_icon": "<svg  viewBox=\"0 0 250 250\" fill=\"none\" xmlns=\"http://www.w3.org/2000/svg\">\r\n<circle cx=\"125\" cy=\"125\" r=\"124\" fill=\"yellow\" stroke=\"black\" stroke-width=\"2\" class = \"head_hover\"/>\r\n</svg>", "type_icon": 0, "color": 3}}, {"model": "db_spaceuc.icon", "pk": 11, "fields": {"name_icon": "default_body_yellow", "svg_icon": "<svg  viewBox=\"0 0 380 250\" fill=\"none\" xmlns=\"http://www.w3.org/2000/svg\">\r\n<path d=\"M379 125C379 159.073 358.007 190.049 323.801 212.553C289.603 235.052 242.3 249 190 249C137.7 249 90.3974 235.052 56.1993 212.553C21.993 190.049 1 159.073 1 125C1 90.9268 21.993 59.9512 56.1993 37.4471C90.3974 14.9484 137.7 1 190 1C242.3 1 289.603 14.9484 323.801 37.4471C358.007 59.9512 379 90.9268 379 125Z\" fill=\"yellow\" stroke=\"black\" stroke-width=\"2\"  class = \"body_hover\"/>\r\n</svg>", "type_icon": 1, "color": 3}}, {"model": "db_spaceuc.icon", "pk": 12, "fields": {"name_icon": "default_background_yellow", "svg_icon": "<svg viewBox=\"0 0 500 500\" fill=\"none\" xmlns=\"http://www.w3.org/2000/svg\">\r\n<circle cx=\"250\" cy=\"250\" r=\"249\" fill=\"yellow\" stroke=\"black\" stroke-width=\"2\" class = \"background_hover\"/>\r\n</svg>", "type_icon": 2, "color": 3}}, {"model": "db_spaceuc.icon", "pk": 13, "fields": {"name_icon": "alien_default_head", "svg_icon": "<svg  viewBox=\"0 0 250 250\" fill=\"none\" xmlns=\"http://www.w3.org/2000/svg\">\r\n<circle cx=\"125\" cy=\"125\" r=\"124.5\" fill=\"#577556\" stroke=\"black\" stroke-width=\"2\" class = \"head_hover\" />\r\n<path d=\"M91.7266 79.9177C110.369 95.3363 122.608 111.31 110.497 125.955C98.3852 140.599 80.3984 131.574 61.7557 116.156C43.1129 100.737 30.8739 84.7632 42.9855 70.119C55.0971 55.4748 73.0839 64.4991 91.7266 79.9177Z\" fill=\"black\"/>\r\n<path d=\"M91.7266 79.9177C110.369 95.3363 122.608 111.31 110.497 125.955C98.3852 140.599 80.3984 131.574 61.7557 116.156C43.1129 100.737 30.8739 84.7632 42.9855 70.119C55.0971 55.4748 73.0839 64.4991 91.7266 79.9177Z\" fill=\"black\"/>\r\n<path d=\"M91.7266 79.9177C110.369 95.3363 122.608 111.31 110.497 125.955C98.3852 140.599 80.3984 131.574 61.7557 116.156C43.1129 100.737 30.8739 84.7632 42.9855 70.119C55.0971 55.4748 73.0839 64.4991 91.7266 79.9177Z\" stroke=\"black\"  class = \"non_click\"/>\r\n<path d=\"M196.178 117.197C176.546 134.05 157.695 144.291 145.316 129.872C132.937 115.453 145.915 98.3691 165.546 81.5158C185.177 64.6624 204.029 54.4214 216.408 68.8406C228.786 83.2597 215.809 100.344 196.178 117.197Z\" fill=\"black\"/>\r\n<path d=\"M196.178 117.197C176.546 134.05 157.695 144.291 145.316 129.872C132.937 115.453 145.915 98.3691 165.546 81.5158C185.177 64.6624 204.029 54.4214 216.408 68.8406C228.786 83.2597 215.809 100.344 196.178 117.197Z\" fill=\"black\"/>\r\n<path d=\"M196.178 117.197C176.546 134.05 157.695 144.291 145.316 129.872C132.937 115.453 145.915 98.3691 165.546 81.5158C185.177 64.6624 204.029 54.4214 216.408 68.8406C228.786 83.2597 215.809 100.344 196.178 117.197Z\" stroke=\"black\" class = \"non_click\"/>\r\n</svg>", "type_icon": 0, "color": 0}}, {"model": "db_spaceuc.icon", "pk": 14, "fields": {"name_icon": "alien_default_body", "svg_icon": "<svg viewBox=\"0 0 380 250\" fill=\"none\" xmlns=\"http://www.w3.org/2000/svg\">\r\n<path d=\"M379 125C379 159.073 358.007 190.049 323.801 212.553C289.603 235.052 242.3 249 190 249C137.7 249 90.3974 235.052 56.1993 212.553C21.993 190.049 1 159.073 1 125C1 90.9268 21.993 59.9512 56.1993 37.4471C90.3974 14.9484 137.7 1 190 1C242.3 1 289.603 14.9484 323.801 37.4471C358.007 59.9512 379 90.9268 379 125Z\" fill=\"#577556\" stroke=\"black\" stroke-width=\"2\" class = \"body_hover\"/>\r\n<path d=\"M292.655 138.674L294.456 138.339L296.589 137.953L297.379 142.412L298.634 146.219L301.819 152.413L307.09 158.887L314.359 165.165L323.229 169.112L322.211 171.844L317.639 169.133L312.175 167.097L308.203 163.512L304.232 159.927L299.323 152.877L295.588 146.354L293.72 143.092L292.655 138.674Z\" fill=\"#FF0000\" class = \"non_click\"/>\r\n<path d=\"M269.754 113.951C270.43 115.429 265.556 122.941 263.9 123.002C262.244 123.062 260.804 120.422 260.683 117.105C260.266 112.154 268.075 107.652 272.282 108.396C273.418 108.597 268.897 112.076 269.754 113.951Z\" fill=\"#FD0000\" class = \"non_click\"/>\r\n<path d=\"M314.253 127.105L330.281 121.523L337.846 143.243L341.629 154.103L342.968 156.459L344.254 159.103L345.294 161.961L345.411 164.963L344.023 168.808L338.763 173.345L335.779 176.443L329.376 177.632L324.325 175.011L321.902 172.918L322.646 168.711L324.247 166.38L327.093 165.342L326.546 162.401L325.601 159.686L321.818 148.825L314.253 127.105Z\" fill=\"#FF0000\" class = \"non_click\"/>\r\n<path d=\"M249.782 118.679L250.765 118.496L252.731 118.131L257.155 117.309L264.976 116.437L281.944 115.392L282.436 123.377L265.468 124.422L257.451 124.374L253.335 124.121L250.786 124.086L249.712 123.777L249.529 122.794L249.255 121.319L249.394 119.332L249.782 118.679Z\" fill=\"#C8C8C8\" class = \"non_click\"/>\r\n<path d=\"M282.347 132.462L309.876 127.348L309.989 133.43L303.598 134.617L296.99 137.37L292.748 139.175L289.216 139.323L288.359 137.448L286.392 137.813L284.061 136.212L282.712 134.429L282.347 132.462Z\" fill=\"#FF0000\" class = \"non_click\"/>\r\n<path d=\"M316.997 130.094L312.082 131.007L312.629 133.956L314.652 136.632L314.709 139.673L314.273 142.805L319.681 141.8L318.093 135.993L316.997 130.094Z\" fill=\"black\"/>\r\n<path d=\"M346.386 96.6636L347.151 98.047L344.811 104.249L343.236 111.834L340.086 127.004L322.168 114.973L335.196 105.25L340.791 100.957L344.911 96.9376L346.386 96.6636Z\" fill=\"#BCBCBC\" class = \"non_click\"/>\r\n<path d=\"M356.496 103.443L356.686 104.662L352.896 109.738L349.297 116.034L342.097 128.624L331.399 117.278L344.861 109.943L350.678 106.693L355.226 103.576L356.496 103.443Z\" fill=\"#BCBCBC\" class = \"non_click\"/>\r\n<path d=\"M362.785 118.269L362.105 119.297L355.884 120.497L348.983 122.724L335.181 127.179L334.917 111.586L349.808 115.234L356.296 116.752L361.757 117.512L362.785 118.269Z\" fill=\"#BCBCBC\" class = \"non_click\"/>\r\n<path d=\"M353.388 115.196C354.901 123.341 350.629 130.457 341.38 132.683C309.153 137.145 303.994 131.273 302.481 123.128C300.968 114.983 311.852 104.119 335.81 102.696C343.858 102.218 351.875 107.051 353.388 115.196Z\" fill=\"#FF0000\" class = \"non_click\"/>\r\n<path d=\"M306.814 121.814C308.03 128.362 316.973 130.257 307.616 132.405C275.132 137.213 266.904 128.72 267.135 119.014C269.459 106.886 285.642 112.125 309.72 110.086C317.809 109.401 305.597 115.266 306.814 121.814Z\" fill=\"#FF0000\" class = \"non_click\"/>\r\n<path d=\"M250.639 120.554C251.643 125.961 247.745 125.16 244.487 125.765C234.712 130.632 229.739 128.505 229.627 122.423C229.533 117.355 231.824 112.352 242.935 117.408C246.192 116.803 249.983 117.024 250.639 120.554Z\" fill=\"#FD0000\" class = \"non_click\"/>\r\n<line x1=\"250.231\" y1=\"121.015\" x2=\"251.241\" y2=\"104.553\" stroke=\"#F20000\"/>\r\n<ellipse cx=\"250.967\" cy=\"101.53\" rx=\"2.42723\" ry=\"3.61867\" transform=\"rotate(-4.42983 250.967 101.53)\" fill=\"#F80000\"/>\r\n<line y1=\"-0.5\" x2=\"12.7105\" y2=\"-0.5\" transform=\"matrix(-0.999944 0.0105466 0.160515 -0.987033 240.644 121.504)\" stroke=\"#F20000\"/>\r\n<ellipse cx=\"1.33337\" cy=\"2.82385\" rx=\"1.33337\" ry=\"2.82385\" transform=\"matrix(-0.0309517 -0.999521 0.994077 -0.108676 222.769 123.835)\" fill=\"#F80000\"/>\r\n<circle cx=\"335.909\" cy=\"116.918\" r=\"2.5\" transform=\"rotate(-10.5242 335.909 116.918)\" fill=\"#86881B\" class = \"non_click\"/>\r\n<path d=\"M323.528 118.709C322.995 115.841 323.831 112.84 325.851 110.366C327.871 107.893 330.91 106.15 334.3 105.52C337.69 104.89 341.153 105.426 343.926 107.008C346.7 108.591 348.558 111.092 349.091 113.96L342.128 115.254C341.885 113.948 341.04 112.81 339.777 112.089C338.514 111.368 336.938 111.125 335.395 111.411C333.851 111.698 332.468 112.492 331.548 113.618C330.629 114.744 330.248 116.11 330.491 117.416L323.528 118.709Z\" fill=\"#1D7907\"/>\r\n<path d=\"M323.528 118.709C322.995 115.841 323.831 112.84 325.851 110.366C327.871 107.893 330.91 106.15 334.3 105.52C337.69 104.89 341.153 105.426 343.926 107.008C346.7 108.591 348.558 111.092 349.091 113.96L342.128 115.254C341.885 113.948 341.04 112.81 339.777 112.089C338.514 111.368 336.938 111.125 335.395 111.411C333.851 111.698 332.468 112.492 331.548 113.618C330.629 114.744 330.248 116.11 330.491 117.416L323.528 118.709Z\" fill=\"#560808\"/>\r\n<path d=\"M323.528 118.709C323.131 116.573 323.491 114.345 324.562 112.307C325.633 110.27 327.368 108.514 329.547 107.26L333.231 112.204C332.239 112.774 331.449 113.574 330.962 114.501C330.474 115.429 330.31 116.443 330.491 117.416L323.528 118.709Z\" fill=\"#1D7907\"/>\r\n<path d=\"M323.528 118.709C323.131 116.573 323.491 114.345 324.562 112.307C325.633 110.27 327.368 108.514 329.547 107.26L333.231 112.204C332.239 112.774 331.449 113.574 330.962 114.501C330.474 115.429 330.31 116.443 330.491 117.416L323.528 118.709Z\" fill=\"#1D7907\"/>\r\n<path d=\"M328.985 107.601C331.092 106.256 333.58 105.453 336.136 105.292C338.692 105.131 341.2 105.62 343.345 106.697L339.512 111.947C338.536 111.457 337.394 111.235 336.23 111.308C335.067 111.381 333.934 111.747 332.975 112.359L328.985 107.601Z\" fill=\"#1D7907\"/>\r\n<path d=\"M328.985 107.601C331.092 106.256 333.58 105.453 336.136 105.292C338.692 105.131 341.2 105.62 343.345 106.697L339.512 111.947C338.536 111.457 337.394 111.235 336.23 111.308C335.067 111.381 333.934 111.747 332.975 112.359L328.985 107.601Z\" fill=\"#D0B213\"/>\r\n<path d=\"M101.368 131.552L99.5017 130.962L97.2898 130.273L95.9635 134.603L94.2178 138.216L90.1687 143.934L83.8842 149.632L75.5102 154.85L65.7015 157.517L66.476 160.384L71.6065 158.336L77.605 157.086L82.1975 154.08L86.7899 151.075L92.7546 144.751L97.4215 138.785L99.755 135.801L101.368 131.552Z\" fill=\"#FF0000\" class = \"non_click\"/>\r\n<path d=\"M128.295 110.186C127.419 111.562 131.74 119.741 133.483 120.037C135.226 120.333 137.039 117.909 137.533 114.621C138.52 109.748 130.764 104.149 126.237 104.291C125.015 104.329 129.408 108.44 128.295 110.186Z\" fill=\"#FD0000\" class = \"non_click\"/>\r\n<path d=\"M79.8202 116.947L63.4984 109.1L53.1081 129.661L47.9129 139.942L46.2379 142.098L44.5868 144.548L43.1729 147.248L42.7178 150.222L43.7603 154.251L48.8181 159.521L51.6303 163.032L58.2655 165.13L63.8922 163.238L66.6839 161.498L66.3615 157.202L64.9268 154.65L62.0339 153.211L62.936 150.358L64.2348 147.788L69.4299 137.508L79.8202 116.947Z\" fill=\"#FF0000\" class = \"non_click\"/>\r\n<path d=\"M148.88 117.743L147.861 117.421L145.823 116.777L141.239 115.327L133.07 113.344L115.255 109.884L113.854 117.769L131.67 121.229L140.147 122.324L144.524 122.659L147.222 122.987L148.391 122.833L148.693 121.879L149.145 120.449L149.217 118.449L148.88 117.743Z\" fill=\"#C8C8C8\"/>\r\n<path d=\"M112.946 126.833L84.419 117.813L83.629 123.856L90.2514 125.95L96.9309 129.635L101.214 132.038L104.931 132.689L106.043 130.943L108.081 131.587L110.721 130.324L112.343 128.739L112.946 126.833Z\" fill=\"#FF0000\" class = \"non_click\"/>\r\n<path d=\"M76.5905 119.533L81.6846 121.144L80.7801 124.004L78.3475 126.381L77.9525 129.403L78.0669 132.585L72.4633 130.814L74.7816 125.254L76.5905 119.533Z\" fill=\"black\"/>\r\n<path d=\"M49.2224 82.0376L48.2608 83.3067L50.0498 89.819L50.8773 97.6004L52.5322 113.163L72.7941 103.731L60.0999 92.1875L54.6611 87.1125L50.7506 82.5208L49.2224 82.0376Z\" fill=\"#BCBCBC\"/>\r\n<path d=\"M37.7903 87.3508L37.4556 88.5375L40.8998 94.1357L44.0094 100.921L50.2284 114.49L62.7857 104.712L49.369 95.4847L43.5797 91.4178L39.1173 87.6642L37.7903 87.3508Z\" fill=\"#BCBCBC\"/>\r\n<path d=\"M29.5089 101.225L30.1147 102.346L36.556 104.428L43.603 107.631L57.6971 114.037L59.6955 98.54L43.5575 100.051L36.5332 100.638L30.6786 100.617L29.5089 101.225Z\" fill=\"#BCBCBC\"/>\r\n<path d=\"M39.778 99.5026C37.2805 107.401 41.0101 115.1 50.5382 118.637C84.1021 127.676 90.202 122.561 92.6995 114.663C95.1971 106.764 84.8936 94.3889 59.7332 89.5558C51.2812 87.9323 42.2755 91.6038 39.778 99.5026Z\" fill=\"#FF0000\" class = \"non_click\"/>\r\n<path d=\"M88.2654 112.736C86.2576 119.086 76.5979 119.7 86.2495 123.173C120.046 132.594 129.678 125.306 130.505 115.604C129.387 103.189 111.708 106.101 86.4877 100.637C78.0156 98.8018 90.2732 106.386 88.2654 112.736Z\" fill=\"#FF0000\" class = \"non_click\"/>\r\n<path d=\"M147.767 119.489C146.109 124.733 150.317 124.49 153.693 125.558C163.486 131.801 168.976 130.39 169.766 124.347C170.424 119.311 168.554 114 156.256 117.453C152.88 116.386 148.85 116.066 147.767 119.489Z\" fill=\"#FD0000\" class = \"non_click\"/>\r\n<line y1=\"-0.5\" x2=\"16.561\" y2=\"-0.5\" transform=\"matrix(0.0451857 -0.998979 -0.997082 -0.0763346 147.617 119.966)\" stroke=\"#F20000\"/>\r\n<ellipse cx=\"2.59177\" cy=\"3.62156\" rx=\"2.59177\" ry=\"3.62156\" transform=\"matrix(-0.978724 -0.205181 -0.191454 0.981502 152.749 97.4661)\" fill=\"#F80000\"/>\r\n<line y1=\"-0.5\" x2=\"13.5566\" y2=\"-0.5\" transform=\"matrix(0.989649 0.143512 -0.0602533 -0.998183 158.224 121.861)\" stroke=\"#F20000\"/>\r\n<ellipse cx=\"1.33556\" cy=\"3.01634\" rx=\"1.33556\" ry=\"3.01634\" transform=\"matrix(0.142736 -0.989761 -0.972227 -0.234038 176.856 126.731)\" fill=\"#F80000\"/>\r\n<ellipse cx=\"2.67134\" cy=\"2.5\" rx=\"2.67134\" ry=\"2.5\" transform=\"matrix(-0.953474 -0.301475 -0.301475 0.953474 61.3599 102.132)\" fill=\"#86881B\"/>\r\n<path d=\"M70.9452 107.26C71.8248 104.478 71.2728 101.369 69.4109 98.6171C67.549 95.8648 64.5295 93.6946 61.0168 92.5839C57.5041 91.4733 53.7859 91.5131 50.6801 92.6947C47.5743 93.8762 45.3354 96.1027 44.4559 98.8844L51.6711 101.166C52.0715 99.8994 53.0907 98.8858 54.5046 98.3479C55.9184 97.81 57.6111 97.7919 59.2102 98.2975C60.8094 98.8031 62.1839 99.7911 63.0316 101.044C63.8792 102.297 64.1304 103.712 63.73 104.979L70.9452 107.26Z\" fill=\"#1D7907\"/>\r\n<path d=\"M70.9452 107.26C71.8248 104.478 71.2728 101.369 69.4109 98.6171C67.549 95.8648 64.5295 93.6946 61.0168 92.5839C57.5041 91.4733 53.7859 91.5131 50.6801 92.6947C47.5743 93.8762 45.3354 96.1027 44.4559 98.8844L51.6711 101.166C52.0715 99.8994 53.0907 98.8858 54.5046 98.3479C55.9184 97.81 57.6111 97.7919 59.2102 98.2975C60.8094 98.8031 62.1839 99.7911 63.0316 101.044C63.8792 102.297 64.1304 103.712 63.73 104.979L70.9452 107.26Z\" fill=\"#560808\"/>\r\n<path d=\"M70.9452 107.26C71.6004 105.188 71.4658 102.917 70.5586 100.735C69.6513 98.5518 68.012 96.5548 65.8475 94.9954L61.4093 99.3953C62.3947 100.105 63.141 101.014 63.554 102.008C63.967 103.002 64.0283 104.035 63.73 104.979L70.9452 107.26Z\" fill=\"#1D7907\"/>\r\n<path d=\"M70.9452 107.26C71.6004 105.188 71.4658 102.917 70.5586 100.735C69.6513 98.5518 68.012 96.5548 65.8475 94.9954L61.4093 99.3953C62.3947 100.105 63.141 101.014 63.554 102.008C63.967 103.002 64.0283 104.035 63.73 104.979L70.9452 107.26Z\" fill=\"#1D7907\"/>\r\n<path d=\"M66.4041 95.4152C64.3259 93.7752 61.7849 92.6201 59.1019 92.0954C56.4188 91.5708 53.7138 91.7003 51.3283 92.4674L54.7997 98.2445C55.8856 97.8952 57.117 97.8363 58.3385 98.0751C59.5599 98.314 60.7167 98.8398 61.6628 99.5864L66.4041 95.4152Z\" fill=\"#1D7907\"/>\r\n<path d=\"M66.4041 95.4152C64.3259 93.7752 61.7849 92.6201 59.1019 92.0954C56.4188 91.5708 53.7138 91.7003 51.3283 92.4674L54.7997 98.2445C55.8856 97.8952 57.117 97.8363 58.3385 98.0751C59.5599 98.314 60.7167 98.8398 61.6628 99.5864L66.4041 95.4152Z\" fill=\"#D0B213\" />\r\n</svg>", "type_icon": 1, "color": 0}}, {"model": "db_spaceuc.icon", "pk": 15, "fields": {"name_icon": "alien_default_background", "svg_icon": "<svg  viewBox=\"0 0 500 500\" fill=\"none\" xmlns=\"http://www.w3.org/2000/svg\">\r\n<circle cx=\"250\" cy=\"250\" r=\"249\" fill=\"#1A0729\" stroke=\"black\" stroke-width=\"2\"  class = \"background_hover\"/>\r\n<circle cx=\"149.5\" cy=\"63.5\" r=\"2.5\" fill=\"white\"/>\r\n<circle cx=\"121.5\" cy=\"92.5\" r=\"2.5\" fill=\"white\"/>\r\n<circle cx=\"138.5\" cy=\"114.5\" r=\"2.5\" fill=\"white\"/>\r\n<circle cx=\"62.5\" cy=\"136.5\" r=\"2.5\" fill=\"white\"/>\r\n<circle cx=\"104.5\" cy=\"182.5\" r=\"2.5\" fill=\"white\"/>\r\n<circle cx=\"41.5\" cy=\"240.5\" r=\"2.5\" fill=\"white\"/>\r\n<circle cx=\"16.5\" cy=\"294.5\" r=\"2.5\" fill=\"white\"/>\r\n<circle cx=\"93.5\" cy=\"271.5\" r=\"2.5\" fill=\"white\"/>\r\n<circle cx=\"49.5\" cy=\"348.5\" r=\"2.5\" fill=\"white\"/>\r\n<circle cx=\"441.5\" cy=\"339.5\" r=\"2.5\" fill=\"white\"/>\r\n<circle cx=\"358.5\" cy=\"266.5\" r=\"2.5\" fill=\"white\"/>\r\n<circle cx=\"437.208\" cy=\"213.809\" r=\"2.5\" transform=\"rotate(115.399 437.208 213.809)\" fill=\"white\"/>\r\n<circle cx=\"468.331\" cy=\"270.331\" r=\"2.5\" transform=\"rotate(115.399 468.331 270.331)\" fill=\"white\"/>\r\n<circle cx=\"423.02\" cy=\"176.077\" r=\"2.5\" transform=\"rotate(115.399 423.02 176.077)\" fill=\"white\"/>\r\n<circle cx=\"381.331\" cy=\"160.331\" r=\"2.5\" transform=\"rotate(115.399 381.331 160.331)\" fill=\"white\"/>\r\n<circle cx=\"426.331\" cy=\"267.331\" r=\"2.5\" transform=\"rotate(115.399 426.331 267.331)\" fill=\"white\"/>\r\n<circle cx=\"385.331\" cy=\"238.331\" r=\"2.5\" transform=\"rotate(115.399 385.331 238.331)\" fill=\"white\"/>\r\n<circle cx=\"408.579\" cy=\"103.908\" r=\"2.5\" transform=\"rotate(115.399 408.579 103.908)\" fill=\"white\"/>\r\n<circle cx=\"359.331\" cy=\"102.331\" r=\"2.5\" transform=\"rotate(115.399 359.331 102.331)\" fill=\"white\"/>\r\n<circle cx=\"218.331\" cy=\"33.3306\" r=\"2.5\" transform=\"rotate(115.399 218.331 33.3306)\" fill=\"white\"/>\r\n<circle cx=\"323.638\" cy=\"40.3306\" r=\"2.5\" transform=\"rotate(115.399 323.638 40.3306)\" fill=\"white\"/>\r\n<circle cx=\"266.331\" cy=\"45.3306\" r=\"2.5\" transform=\"rotate(115.399 266.331 45.3306)\" fill=\"white\"/>\r\n<circle cx=\"179.331\" cy=\"23.3306\" r=\"2.5\" transform=\"rotate(115.399 179.331 23.3306)\" fill=\"white\"/>\r\n</svg>", "type_icon": 2, "color": 0}}, {"model": "db_spaceuc.icon", "pk": 16, "fields": {"name_icon": "alien_default_head_red", "svg_icon": "<svg  viewBox=\"0 0 250 250\" fill=\"none\" xmlns=\"http://www.w3.org/2000/svg\">\r\n<circle cx=\"125\" cy=\"125\" r=\"124.5\" fill=\"#fb7676\" stroke=\"black\" stroke-width=\"2\" class = \"head_hover\" />\r\n<path d=\"M91.7266 79.9177C110.369 95.3363 122.608 111.31 110.497 125.955C98.3852 140.599 80.3984 131.574 61.7557 116.156C43.1129 100.737 30.8739 84.7632 42.9855 70.119C55.0971 55.4748 73.0839 64.4991 91.7266 79.9177Z\" fill=\"black\"/>\r\n<path d=\"M91.7266 79.9177C110.369 95.3363 122.608 111.31 110.497 125.955C98.3852 140.599 80.3984 131.574 61.7557 116.156C43.1129 100.737 30.8739 84.7632 42.9855 70.119C55.0971 55.4748 73.0839 64.4991 91.7266 79.9177Z\" fill=\"black\"/>\r\n<path d=\"M91.7266 79.9177C110.369 95.3363 122.608 111.31 110.497 125.955C98.3852 140.599 80.3984 131.574 61.7557 116.156C43.1129 100.737 30.8739 84.7632 42.9855 70.119C55.0971 55.4748 73.0839 64.4991 91.7266 79.9177Z\" stroke=\"black\"/>\r\n<path d=\"M196.178 117.197C176.546 134.05 157.695 144.291 145.316 129.872C132.937 115.453 145.915 98.3691 165.546 81.5158C185.177 64.6624 204.029 54.4214 216.408 68.8406C228.786 83.2597 215.809 100.344 196.178 117.197Z\" fill=\"black\"/>\r\n<path d=\"M196.178 117.197C176.546 134.05 157.695 144.291 145.316 129.872C132.937 115.453 145.915 98.3691 165.546 81.5158C185.177 64.6624 204.029 54.4214 216.408 68.8406C228.786 83.2597 215.809 100.344 196.178 117.197Z\" fill=\"black\"/>\r\n<path d=\"M196.178 117.197C176.546 134.05 157.695 144.291 145.316 129.872C132.937 115.453 145.915 98.3691 165.546 81.5158C185.177 64.6624 204.029 54.4214 216.408 68.8406C228.786 83.2597 215.809 100.344 196.178 117.197Z\" stroke=\"black\"/>\r\n</svg>", "type_icon": 0, "color": 1}}, {"model": "db_spaceuc.icon", "pk": 17, "fields": {"name_icon": "alien_default_body_red", "svg_icon": "<svg viewBox=\"0 0 380 250\" fill=\"none\" xmlns=\"http://www.w3.org/2000/svg\">\r\n<path d=\"M379 125C379 159.073 358.007 190.049 323.801 212.553C289.603 235.052 242.3 249 190 249C137.7 249 90.3974 235.052 56.1993 212.553C21.993 190.049 1 159.073 1 125C1 90.9268 21.993 59.9512 56.1993 37.4471C90.3974 14.9484 137.7 1 190 1C242.3 1 289.603 14.9484 323.801 37.4471C358.007 59.9512 379 90.9268 379 125Z\" fill=\"#fb7676\" stroke=\"black\" stroke-width=\"2\" class = \"body_hover\"/>\r\n<path d=\"M292.655 138.674L294.456 138.339L296.589 137.953L297.379 142.412L298.634 146.219L301.819 152.413L307.09 158.887L314.359 165.165L323.229 169.112L322.211 171.844L317.639 169.133L312.175 167.097L308.203 163.512L304.232 159.927L299.323 152.877L295.588 146.354L293.72 143.092L292.655 138.674Z\" fill=\"#FF0000\"/>\r\n<path d=\"M269.754 113.951C270.43 115.429 265.556 122.941 263.9 123.002C262.244 123.062 260.804 120.422 260.683 117.105C260.266 112.154 268.075 107.652 272.282 108.396C273.418 108.597 268.897 112.076 269.754 113.951Z\" fill=\"#FD0000\"/>\r\n<path d=\"M314.253 127.105L330.281 121.523L337.846 143.243L341.629 154.103L342.968 156.459L344.254 159.103L345.294 161.961L345.411 164.963L344.023 168.808L338.763 173.345L335.779 176.443L329.376 177.632L324.325 175.011L321.902 172.918L322.646 168.711L324.247 166.38L327.093 165.342L326.546 162.401L325.601 159.686L321.818 148.825L314.253 127.105Z\" fill=\"#FF0000\"/>\r\n<path d=\"M249.782 118.679L250.765 118.496L252.731 118.131L257.155 117.309L264.976 116.437L281.944 115.392L282.436 123.377L265.468 124.422L257.451 124.374L253.335 124.121L250.786 124.086L249.712 123.777L249.529 122.794L249.255 121.319L249.394 119.332L249.782 118.679Z\" fill=\"#C8C8C8\"/>\r\n<path d=\"M282.347 132.462L309.876 127.348L309.989 133.43L303.598 134.617L296.99 137.37L292.748 139.175L289.216 139.323L288.359 137.448L286.392 137.813L284.061 136.212L282.712 134.429L282.347 132.462Z\" fill=\"#FF0000\"/>\r\n<path d=\"M316.997 130.094L312.082 131.007L312.629 133.956L314.652 136.632L314.709 139.673L314.273 142.805L319.681 141.8L318.093 135.993L316.997 130.094Z\" fill=\"black\"/>\r\n<path d=\"M346.386 96.6636L347.151 98.047L344.811 104.249L343.236 111.834L340.086 127.004L322.168 114.973L335.196 105.25L340.791 100.957L344.911 96.9376L346.386 96.6636Z\" fill=\"#BCBCBC\"/>\r\n<path d=\"M356.496 103.443L356.686 104.662L352.896 109.738L349.297 116.034L342.097 128.624L331.399 117.278L344.861 109.943L350.678 106.693L355.226 103.576L356.496 103.443Z\" fill=\"#BCBCBC\"/>\r\n<path d=\"M362.785 118.269L362.105 119.297L355.884 120.497L348.983 122.724L335.181 127.179L334.917 111.586L349.808 115.234L356.296 116.752L361.757 117.512L362.785 118.269Z\" fill=\"#BCBCBC\"/>\r\n<path d=\"M353.388 115.196C354.901 123.341 350.629 130.457 341.38 132.683C309.153 137.145 303.994 131.273 302.481 123.128C300.968 114.983 311.852 104.119 335.81 102.696C343.858 102.218 351.875 107.051 353.388 115.196Z\" fill=\"#FF0000\"/>\r\n<path d=\"M306.814 121.814C308.03 128.362 316.973 130.257 307.616 132.405C275.132 137.213 266.904 128.72 267.135 119.014C269.459 106.886 285.642 112.125 309.72 110.086C317.809 109.401 305.597 115.266 306.814 121.814Z\" fill=\"#FF0000\"/>\r\n<path d=\"M250.639 120.554C251.643 125.961 247.745 125.16 244.487 125.765C234.712 130.632 229.739 128.505 229.627 122.423C229.533 117.355 231.824 112.352 242.935 117.408C246.192 116.803 249.983 117.024 250.639 120.554Z\" fill=\"#FD0000\"/>\r\n<line x1=\"250.231\" y1=\"121.015\" x2=\"251.241\" y2=\"104.553\" stroke=\"#F20000\"/>\r\n<ellipse cx=\"250.967\" cy=\"101.53\" rx=\"2.42723\" ry=\"3.61867\" transform=\"rotate(-4.42983 250.967 101.53)\" fill=\"#F80000\"/>\r\n<line y1=\"-0.5\" x2=\"12.7105\" y2=\"-0.5\" transform=\"matrix(-0.999944 0.0105466 0.160515 -0.987033 240.644 121.504)\" stroke=\"#F20000\"/>\r\n<ellipse cx=\"1.33337\" cy=\"2.82385\" rx=\"1.33337\" ry=\"2.82385\" transform=\"matrix(-0.0309517 -0.999521 0.994077 -0.108676 222.769 123.835)\" fill=\"#F80000\"/>\r\n<circle cx=\"335.909\" cy=\"116.918\" r=\"2.5\" transform=\"rotate(-10.5242 335.909 116.918)\" fill=\"#86881B\"/>\r\n<path d=\"M323.528 118.709C322.995 115.841 323.831 112.84 325.851 110.366C327.871 107.893 330.91 106.15 334.3 105.52C337.69 104.89 341.153 105.426 343.926 107.008C346.7 108.591 348.558 111.092 349.091 113.96L342.128 115.254C341.885 113.948 341.04 112.81 339.777 112.089C338.514 111.368 336.938 111.125 335.395 111.411C333.851 111.698 332.468 112.492 331.548 113.618C330.629 114.744 330.248 116.11 330.491 117.416L323.528 118.709Z\" fill=\"#1D7907\"/>\r\n<path d=\"M323.528 118.709C322.995 115.841 323.831 112.84 325.851 110.366C327.871 107.893 330.91 106.15 334.3 105.52C337.69 104.89 341.153 105.426 343.926 107.008C346.7 108.591 348.558 111.092 349.091 113.96L342.128 115.254C341.885 113.948 341.04 112.81 339.777 112.089C338.514 111.368 336.938 111.125 335.395 111.411C333.851 111.698 332.468 112.492 331.548 113.618C330.629 114.744 330.248 116.11 330.491 117.416L323.528 118.709Z\" fill=\"#560808\"/>\r\n<path d=\"M323.528 118.709C323.131 116.573 323.491 114.345 324.562 112.307C325.633 110.27 327.368 108.514 329.547 107.26L333.231 112.204C332.239 112.774 331.449 113.574 330.962 114.501C330.474 115.429 330.31 116.443 330.491 117.416L323.528 118.709Z\" fill=\"#1D7907\"/>\r\n<path d=\"M323.528 118.709C323.131 116.573 323.491 114.345 324.562 112.307C325.633 110.27 327.368 108.514 329.547 107.26L333.231 112.204C332.239 112.774 331.449 113.574 330.962 114.501C330.474 115.429 330.31 116.443 330.491 117.416L323.528 118.709Z\" fill=\"#1D7907\"/>\r\n<path d=\"M328.985 107.601C331.092 106.256 333.58 105.453 336.136 105.292C338.692 105.131 341.2 105.62 343.345 106.697L339.512 111.947C338.536 111.457 337.394 111.235 336.23 111.308C335.067 111.381 333.934 111.747 332.975 112.359L328.985 107.601Z\" fill=\"#1D7907\"/>\r\n<path d=\"M328.985 107.601C331.092 106.256 333.58 105.453 336.136 105.292C338.692 105.131 341.2 105.62 343.345 106.697L339.512 111.947C338.536 111.457 337.394 111.235 336.23 111.308C335.067 111.381 333.934 111.747 332.975 112.359L328.985 107.601Z\" fill=\"#D0B213\"/>\r\n<path d=\"M101.368 131.552L99.5017 130.962L97.2898 130.273L95.9635 134.603L94.2178 138.216L90.1687 143.934L83.8842 149.632L75.5102 154.85L65.7015 157.517L66.476 160.384L71.6065 158.336L77.605 157.086L82.1975 154.08L86.7899 151.075L92.7546 144.751L97.4215 138.785L99.755 135.801L101.368 131.552Z\" fill=\"#FF0000\"/>\r\n<path d=\"M128.295 110.186C127.419 111.562 131.74 119.741 133.483 120.037C135.226 120.333 137.039 117.909 137.533 114.621C138.52 109.748 130.764 104.149 126.237 104.291C125.015 104.329 129.408 108.44 128.295 110.186Z\" fill=\"#FD0000\"/>\r\n<path d=\"M79.8202 116.947L63.4984 109.1L53.1081 129.661L47.9129 139.942L46.2379 142.098L44.5868 144.548L43.1729 147.248L42.7178 150.222L43.7603 154.251L48.8181 159.521L51.6303 163.032L58.2655 165.13L63.8922 163.238L66.6839 161.498L66.3615 157.202L64.9268 154.65L62.0339 153.211L62.936 150.358L64.2348 147.788L69.4299 137.508L79.8202 116.947Z\" fill=\"#FF0000\"/>\r\n<path d=\"M148.88 117.743L147.861 117.421L145.823 116.777L141.239 115.327L133.07 113.344L115.255 109.884L113.854 117.769L131.67 121.229L140.147 122.324L144.524 122.659L147.222 122.987L148.391 122.833L148.693 121.879L149.145 120.449L149.217 118.449L148.88 117.743Z\" fill=\"#C8C8C8\"/>\r\n<path d=\"M112.946 126.833L84.419 117.813L83.629 123.856L90.2514 125.95L96.9309 129.635L101.214 132.038L104.931 132.689L106.043 130.943L108.081 131.587L110.721 130.324L112.343 128.739L112.946 126.833Z\" fill=\"#FF0000\"/>\r\n<path d=\"M76.5905 119.533L81.6846 121.144L80.7801 124.004L78.3475 126.381L77.9525 129.403L78.0669 132.585L72.4633 130.814L74.7816 125.254L76.5905 119.533Z\" fill=\"black\"/>\r\n<path d=\"M49.2224 82.0376L48.2608 83.3067L50.0498 89.819L50.8773 97.6004L52.5322 113.163L72.7941 103.731L60.0999 92.1875L54.6611 87.1125L50.7506 82.5208L49.2224 82.0376Z\" fill=\"#BCBCBC\"/>\r\n<path d=\"M37.7903 87.3508L37.4556 88.5375L40.8998 94.1357L44.0094 100.921L50.2284 114.49L62.7857 104.712L49.369 95.4847L43.5797 91.4178L39.1173 87.6642L37.7903 87.3508Z\" fill=\"#BCBCBC\"/>\r\n<path d=\"M29.5089 101.225L30.1147 102.346L36.556 104.428L43.603 107.631L57.6971 114.037L59.6955 98.54L43.5575 100.051L36.5332 100.638L30.6786 100.617L29.5089 101.225Z\" fill=\"#BCBCBC\"/>\r\n<path d=\"M39.778 99.5026C37.2805 107.401 41.0101 115.1 50.5382 118.637C84.1021 127.676 90.202 122.561 92.6995 114.663C95.1971 106.764 84.8936 94.3889 59.7332 89.5558C51.2812 87.9323 42.2755 91.6038 39.778 99.5026Z\" fill=\"#FF0000\"/>\r\n<path d=\"M88.2654 112.736C86.2576 119.086 76.5979 119.7 86.2495 123.173C120.046 132.594 129.678 125.306 130.505 115.604C129.387 103.189 111.708 106.101 86.4877 100.637C78.0156 98.8018 90.2732 106.386 88.2654 112.736Z\" fill=\"#FF0000\"/>\r\n<path d=\"M147.767 119.489C146.109 124.733 150.317 124.49 153.693 125.558C163.486 131.801 168.976 130.39 169.766 124.347C170.424 119.311 168.554 114 156.256 117.453C152.88 116.386 148.85 116.066 147.767 119.489Z\" fill=\"#FD0000\"/>\r\n<line y1=\"-0.5\" x2=\"16.561\" y2=\"-0.5\" transform=\"matrix(0.0451857 -0.998979 -0.997082 -0.0763346 147.617 119.966)\" stroke=\"#F20000\"/>\r\n<ellipse cx=\"2.59177\" cy=\"3.62156\" rx=\"2.59177\" ry=\"3.62156\" transform=\"matrix(-0.978724 -0.205181 -0.191454 0.981502 152.749 97.4661)\" fill=\"#F80000\"/>\r\n<line y1=\"-0.5\" x2=\"13.5566\" y2=\"-0.5\" transform=\"matrix(0.989649 0.143512 -0.0602533 -0.998183 158.224 121.861)\" stroke=\"#F20000\"/>\r\n<ellipse cx=\"1.33556\" cy=\"3.01634\" rx=\"1.33556\" ry=\"3.01634\" transform=\"matrix(0.142736 -0.989761 -0.972227 -0.234038 176.856 126.731)\" fill=\"#F80000\"/>\r\n<ellipse cx=\"2.67134\" cy=\"2.5\" rx=\"2.67134\" ry=\"2.5\" transform=\"matrix(-0.953474 -0.301475 -0.301475 0.953474 61.3599 102.132)\" fill=\"#86881B\"/>\r\n<path d=\"M70.9452 107.26C71.8248 104.478 71.2728 101.369 69.4109 98.6171C67.549 95.8648 64.5295 93.6946 61.0168 92.5839C57.5041 91.4733 53.7859 91.5131 50.6801 92.6947C47.5743 93.8762 45.3354 96.1027 44.4559 98.8844L51.6711 101.166C52.0715 99.8994 53.0907 98.8858 54.5046 98.3479C55.9184 97.81 57.6111 97.7919 59.2102 98.2975C60.8094 98.8031 62.1839 99.7911 63.0316 101.044C63.8792 102.297 64.1304 103.712 63.73 104.979L70.9452 107.26Z\" fill=\"#1D7907\"/>\r\n<path d=\"M70.9452 107.26C71.8248 104.478 71.2728 101.369 69.4109 98.6171C67.549 95.8648 64.5295 93.6946 61.0168 92.5839C57.5041 91.4733 53.7859 91.5131 50.6801 92.6947C47.5743 93.8762 45.3354 96.1027 44.4559 98.8844L51.6711 101.166C52.0715 99.8994 53.0907 98.8858 54.5046 98.3479C55.9184 97.81 57.6111 97.7919 59.2102 98.2975C60.8094 98.8031 62.1839 99.7911 63.0316 101.044C63.8792 102.297 64.1304 103.712 63.73 104.979L70.9452 107.26Z\" fill=\"#560808\"/>\r\n<path d=\"M70.9452 107.26C71.6004 105.188 71.4658 102.917 70.5586 100.735C69.6513 98.5518 68.012 96.5548 65.8475 94.9954L61.4093 99.3953C62.3947 100.105 63.141 101.014 63.554 102.008C63.967 103.002 64.0283 104.035 63.73 104.979L70.9452 107.26Z\" fill=\"#1D7907\"/>\r\n<path d=\"M70.9452 107.26C71.6004 105.188 71.4658 102.917 70.5586 100.735C69.6513 98.5518 68.012 96.5548 65.8475 94.9954L61.4093 99.3953C62.3947 100.105 63.141 101.014 63.554 102.008C63.967 103.002 64.0283 104.035 63.73 104.979L70.9452 107.26Z\" fill=\"#1D7907\"/>\r\n<path d=\"M66.4041 95.4152C64.3259 93.7752 61.7849 92.6201 59.1019 92.0954C56.4188 91.5708 53.7138 91.7003 51.3283 92.4674L54.7997 98.2445C55.8856 97.8952 57.117 97.8363 58.3385 98.0751C59.5599 98.314 60.7167 98.8398 61.6628 99.5864L66.4041 95.4152Z\" fill=\"#1D7907\"/>\r\n<path d=\"M66.4041 95.4152C64.3259 93.7752 61.7849 92.6201 59.1019 92.0954C56.4188 91.5708 53.7138 91.7003 51.3283 92.4674L54.7997 98.2445C55.8856 97.8952 57.117 97.8363 58.3385 98.0751C59.5599 98.314 60.7167 98.8398 61.6628 99.5864L66.4041 95.4152Z\" fill=\"#D0B213\" />\r\n</svg>", "type_icon": 1, "color": 1}}, {"model": "db_spaceuc.icon", "pk": 18, "fields": {"name_icon": "alien_default_background_red", "svg_icon": "<svg  viewBox=\"0 0 500 500\" fill=\"none\" xmlns=\"http://www.w3.org/2000/svg\">\r\n<circle cx=\"250\" cy=\"250\" r=\"249\" fill=\"red\" stroke=\"black\" stroke-width=\"2\" class = \"background_hover\"/>\r\n<circle cx=\"149.5\" cy=\"63.5\" r=\"2.5\" fill=\"white\"/>\r\n<circle cx=\"121.5\" cy=\"92.5\" r=\"2.5\" fill=\"white\"/>\r\n<circle cx=\"138.5\" cy=\"114.5\" r=\"2.5\" fill=\"white\"/>\r\n<circle cx=\"62.5\" cy=\"136.5\" r=\"2.5\" fill=\"white\"/>\r\n<circle cx=\"104.5\" cy=\"182.5\" r=\"2.5\" fill=\"white\"/>\r\n<circle cx=\"41.5\" cy=\"240.5\" r=\"2.5\" fill=\"white\"/>\r\n<circle cx=\"16.5\" cy=\"294.5\" r=\"2.5\" fill=\"white\"/>\r\n<circle cx=\"93.5\" cy=\"271.5\" r=\"2.5\" fill=\"white\"/>\r\n<circle cx=\"49.5\" cy=\"348.5\" r=\"2.5\" fill=\"white\"/>\r\n<circle cx=\"441.5\" cy=\"339.5\" r=\"2.5\" fill=\"white\"/>\r\n<circle cx=\"358.5\" cy=\"266.5\" r=\"2.5\" fill=\"white\"/>\r\n<circle cx=\"437.208\" cy=\"213.809\" r=\"2.5\" transform=\"rotate(115.399 437.208 213.809)\" fill=\"white\"/>\r\n<circle cx=\"468.331\" cy=\"270.331\" r=\"2.5\" transform=\"rotate(115.399 468.331 270.331)\" fill=\"white\"/>\r\n<circle cx=\"423.02\" cy=\"176.077\" r=\"2.5\" transform=\"rotate(115.399 423.02 176.077)\" fill=\"white\"/>\r\n<circle cx=\"381.331\" cy=\"160.331\" r=\"2.5\" transform=\"rotate(115.399 381.331 160.331)\" fill=\"white\"/>\r\n<circle cx=\"426.331\" cy=\"267.331\" r=\"2.5\" transform=\"rotate(115.399 426.331 267.331)\" fill=\"white\"/>\r\n<circle cx=\"385.331\" cy=\"238.331\" r=\"2.5\" transform=\"rotate(115.399 385.331 238.331)\" fill=\"white\"/>\r\n<circle cx=\"408.579\" cy=\"103.908\" r=\"2.5\" transform=\"rotate(115.399 408.579 103.908)\" fill=\"white\"/>\r\n<circle cx=\"359.331\" cy=\"102.331\" r=\"2.5\" transform=\"rotate(115.399 359.331 102.331)\" fill=\"white\"/>\r\n<circle cx=\"218.331\" cy=\"33.3306\" r=\"2.5\" transform=\"rotate(115.399 218.331 33.3306)\" fill=\"white\"/>\r\n<circle cx=\"323.638\" cy=\"40.3306\" r=\"2.5\" transform=\"rotate(115.399 323.638 40.3306)\" fill=\"white\"/>\r\n<circle cx=\"266.331\" cy=\"45.3306\" r=\"2.5\" transform=\"rotate(115.399 266.331 45.3306)\" fill=\"white\"/>\r\n<circle cx=\"179.331\" cy=\"23.3306\" r=\"2.5\" transform=\"rotate(115.399 179.331 23.3306)\" fill=\"white\"/>\r\n</svg>", "type_icon": 2, "color": 1}}, {"model": "db_spaceuc.icon", "pk": 19, "fields": {"name_icon": "alien_default_head_blue", "svg_icon": "<svg  viewBox=\"0 0 250 250\" fill=\"none\" xmlns=\"http://www.w3.org/2000/svg\">\r\n<circle cx=\"125\" cy=\"125\" r=\"124.5\" fill=\"blue\" stroke=\"black\" stroke-width=\"2\" class = \"head_hover\" />\r\n<path d=\"M91.7266 79.9177C110.369 95.3363 122.608 111.31 110.497 125.955C98.3852 140.599 80.3984 131.574 61.7557 116.156C43.1129 100.737 30.8739 84.7632 42.9855 70.119C55.0971 55.4748 73.0839 64.4991 91.7266 79.9177Z\" fill=\"black\"/>\r\n<path d=\"M91.7266 79.9177C110.369 95.3363 122.608 111.31 110.497 125.955C98.3852 140.599 80.3984 131.574 61.7557 116.156C43.1129 100.737 30.8739 84.7632 42.9855 70.119C55.0971 55.4748 73.0839 64.4991 91.7266 79.9177Z\" fill=\"black\"/>\r\n<path d=\"M91.7266 79.9177C110.369 95.3363 122.608 111.31 110.497 125.955C98.3852 140.599 80.3984 131.574 61.7557 116.156C43.1129 100.737 30.8739 84.7632 42.9855 70.119C55.0971 55.4748 73.0839 64.4991 91.7266 79.9177Z\" stroke=\"black\"/>\r\n<path d=\"M196.178 117.197C176.546 134.05 157.695 144.291 145.316 129.872C132.937 115.453 145.915 98.3691 165.546 81.5158C185.177 64.6624 204.029 54.4214 216.408 68.8406C228.786 83.2597 215.809 100.344 196.178 117.197Z\" fill=\"black\"/>\r\n<path d=\"M196.178 117.197C176.546 134.05 157.695 144.291 145.316 129.872C132.937 115.453 145.915 98.3691 165.546 81.5158C185.177 64.6624 204.029 54.4214 216.408 68.8406C228.786 83.2597 215.809 100.344 196.178 117.197Z\" fill=\"black\"/>\r\n<path d=\"M196.178 117.197C176.546 134.05 157.695 144.291 145.316 129.872C132.937 115.453 145.915 98.3691 165.546 81.5158C185.177 64.6624 204.029 54.4214 216.408 68.8406C228.786 83.2597 215.809 100.344 196.178 117.197Z\" stroke=\"black\"/>\r\n</svg>", "type_icon": 0, "color": 2}}, {"model": "db_spaceuc.icon", "pk": 20, "fields": {"name_icon": "alien_default_body_blue", "svg_icon": "<svg viewBox=\"0 0 380 250\" fill=\"none\" xmlns=\"http://www.w3.org/2000/svg\">\r\n<path d=\"M379 125C379 159.073 358.007 190.049 323.801 212.553C289.603 235.052 242.3 249 190 249C137.7 249 90.3974 235.052 56.1993 212.553C21.993 190.049 1 159.073 1 125C1 90.9268 21.993 59.9512 56.1993 37.4471C90.3974 14.9484 137.7 1 190 1C242.3 1 289.603 14.9484 323.801 37.4471C358.007 59.9512 379 90.9268 379 125Z\" fill=\"blue\" stroke=\"black\" stroke-width=\"2\" class = \"body_hover\"/>\r\n<path d=\"M292.655 138.674L294.456 138.339L296.589 137.953L297.379 142.412L298.634 146.219L301.819 152.413L307.09 158.887L314.359 165.165L323.229 169.112L322.211 171.844L317.639 169.133L312.175 167.097L308.203 163.512L304.232 159.927L299.323 152.877L295.588 146.354L293.72 143.092L292.655 138.674Z\" fill=\"#FF0000\"/>\r\n<path d=\"M269.754 113.951C270.43 115.429 265.556 122.941 263.9 123.002C262.244 123.062 260.804 120.422 260.683 117.105C260.266 112.154 268.075 107.652 272.282 108.396C273.418 108.597 268.897 112.076 269.754 113.951Z\" fill=\"#FD0000\"/>\r\n<path d=\"M314.253 127.105L330.281 121.523L337.846 143.243L341.629 154.103L342.968 156.459L344.254 159.103L345.294 161.961L345.411 164.963L344.023 168.808L338.763 173.345L335.779 176.443L329.376 177.632L324.325 175.011L321.902 172.918L322.646 168.711L324.247 166.38L327.093 165.342L326.546 162.401L325.601 159.686L321.818 148.825L314.253 127.105Z\" fill=\"#FF0000\"/>\r\n<path d=\"M249.782 118.679L250.765 118.496L252.731 118.131L257.155 117.309L264.976 116.437L281.944 115.392L282.436 123.377L265.468 124.422L257.451 124.374L253.335 124.121L250.786 124.086L249.712 123.777L249.529 122.794L249.255 121.319L249.394 119.332L249.782 118.679Z\" fill=\"#C8C8C8\"/>\r\n<path d=\"M282.347 132.462L309.876 127.348L309.989 133.43L303.598 134.617L296.99 137.37L292.748 139.175L289.216 139.323L288.359 137.448L286.392 137.813L284.061 136.212L282.712 134.429L282.347 132.462Z\" fill=\"#FF0000\"/>\r\n<path d=\"M316.997 130.094L312.082 131.007L312.629 133.956L314.652 136.632L314.709 139.673L314.273 142.805L319.681 141.8L318.093 135.993L316.997 130.094Z\" fill=\"black\"/>\r\n<path d=\"M346.386 96.6636L347.151 98.047L344.811 104.249L343.236 111.834L340.086 127.004L322.168 114.973L335.196 105.25L340.791 100.957L344.911 96.9376L346.386 96.6636Z\" fill=\"#BCBCBC\"/>\r\n<path d=\"M356.496 103.443L356.686 104.662L352.896 109.738L349.297 116.034L342.097 128.624L331.399 117.278L344.861 109.943L350.678 106.693L355.226 103.576L356.496 103.443Z\" fill=\"#BCBCBC\"/>\r\n<path d=\"M362.785 118.269L362.105 119.297L355.884 120.497L348.983 122.724L335.181 127.179L334.917 111.586L349.808 115.234L356.296 116.752L361.757 117.512L362.785 118.269Z\" fill=\"#BCBCBC\"/>\r\n<path d=\"M353.388 115.196C354.901 123.341 350.629 130.457 341.38 132.683C309.153 137.145 303.994 131.273 302.481 123.128C300.968 114.983 311.852 104.119 335.81 102.696C343.858 102.218 351.875 107.051 353.388 115.196Z\" fill=\"#FF0000\"/>\r\n<path d=\"M306.814 121.814C308.03 128.362 316.973 130.257 307.616 132.405C275.132 137.213 266.904 128.72 267.135 119.014C269.459 106.886 285.642 112.125 309.72 110.086C317.809 109.401 305.597 115.266 306.814 121.814Z\" fill=\"#FF0000\"/>\r\n<path d=\"M250.639 120.554C251.643 125.961 247.745 125.16 244.487 125.765C234.712 130.632 229.739 128.505 229.627 122.423C229.533 117.355 231.824 112.352 242.935 117.408C246.192 116.803 249.983 117.024 250.639 120.554Z\" fill=\"#FD0000\"/>\r\n<line x1=\"250.231\" y1=\"121.015\" x2=\"251.241\" y2=\"104.553\" stroke=\"#F20000\"/>\r\n<ellipse cx=\"250.967\" cy=\"101.53\" rx=\"2.42723\" ry=\"3.61867\" transform=\"rotate(-4.42983 250.967 101.53)\" fill=\"#F80000\"/>\r\n<line y1=\"-0.5\" x2=\"12.7105\" y2=\"-0.5\" transform=\"matrix(-0.999944 0.0105466 0.160515 -0.987033 240.644 121.504)\" stroke=\"#F20000\"/>\r\n<ellipse cx=\"1.33337\" cy=\"2.82385\" rx=\"1.33337\" ry=\"2.82385\" transform=\"matrix(-0.0309517 -0.999521 0.994077 -0.108676 222.769 123.835)\" fill=\"#F80000\"/>\r\n<circle cx=\"335.909\" cy=\"116.918\" r=\"2.5\" transform=\"rotate(-10.5242 335.909 116.918)\" fill=\"#86881B\"/>\r\n<path d=\"M323.528 118.709C322.995 115.841 323.831 112.84 325.851 110.366C327.871 107.893 330.91 106.15 334.3 105.52C337.69 104.89 341.153 105.426 343.926 107.008C346.7 108.591 348.558 111.092 349.091 113.96L342.128 115.254C341.885 113.948 341.04 112.81 339.777 112.089C338.514 111.368 336.938 111.125 335.395 111.411C333.851 111.698 332.468 112.492 331.548 113.618C330.629 114.744 330.248 116.11 330.491 117.416L323.528 118.709Z\" fill=\"#1D7907\"/>\r\n<path d=\"M323.528 118.709C322.995 115.841 323.831 112.84 325.851 110.366C327.871 107.893 330.91 106.15 334.3 105.52C337.69 104.89 341.153 105.426 343.926 107.008C346.7 108.591 348.558 111.092 349.091 113.96L342.128 115.254C341.885 113.948 341.04 112.81 339.777 112.089C338.514 111.368 336.938 111.125 335.395 111.411C333.851 111.698 332.468 112.492 331.548 113.618C330.629 114.744 330.248 116.11 330.491 117.416L323.528 118.709Z\" fill=\"#560808\"/>\r\n<path d=\"M323.528 118.709C323.131 116.573 323.491 114.345 324.562 112.307C325.633 110.27 327.368 108.514 329.547 107.26L333.231 112.204C332.239 112.774 331.449 113.574 330.962 114.501C330.474 115.429 330.31 116.443 330.491 117.416L323.528 118.709Z\" fill=\"#1D7907\"/>\r\n<path d=\"M323.528 118.709C323.131 116.573 323.491 114.345 324.562 112.307C325.633 110.27 327.368 108.514 329.547 107.26L333.231 112.204C332.239 112.774 331.449 113.574 330.962 114.501C330.474 115.429 330.31 116.443 330.491 117.416L323.528 118.709Z\" fill=\"#1D7907\"/>\r\n<path d=\"M328.985 107.601C331.092 106.256 333.58 105.453 336.136 105.292C338.692 105.131 341.2 105.62 343.345 106.697L339.512 111.947C338.536 111.457 337.394 111.235 336.23 111.308C335.067 111.381 333.934 111.747 332.975 112.359L328.985 107.601Z\" fill=\"#1D7907\"/>\r\n<path d=\"M328.985 107.601C331.092 106.256 333.58 105.453 336.136 105.292C338.692 105.131 341.2 105.62 343.345 106.697L339.512 111.947C338.536 111.457 337.394 111.235 336.23 111.308C335.067 111.381 333.934 111.747 332.975 112.359L328.985 107.601Z\" fill=\"#D0B213\"/>\r\n<path d=\"M101.368 131.552L99.5017 130.962L97.2898 130.273L95.9635 134.603L94.2178 138.216L90.1687 143.934L83.8842 149.632L75.5102 154.85L65.7015 157.517L66.476 160.384L71.6065 158.336L77.605 157.086L82.1975 154.08L86.7899 151.075L92.7546 144.751L97.4215 138.785L99.755 135.801L101.368 131.552Z\" fill=\"#FF0000\"/>\r\n<path d=\"M128.295 110.186C127.419 111.562 131.74 119.741 133.483 120.037C135.226 120.333 137.039 117.909 137.533 114.621C138.52 109.748 130.764 104.149 126.237 104.291C125.015 104.329 129.408 108.44 128.295 110.186Z\" fill=\"#FD0000\"/>\r\n<path d=\"M79.8202 116.947L63.4984 109.1L53.1081 129.661L47.9129 139.942L46.2379 142.098L44.5868 144.548L43.1729 147.248L42.7178 150.222L43.7603 154.251L48.8181 159.521L51.6303 163.032L58.2655 165.13L63.8922 163.238L66.6839 161.498L66.3615 157.202L64.9268 154.65L62.0339 153.211L62.936 150.358L64.2348 147.788L69.4299 137.508L79.8202 116.947Z\" fill=\"#FF0000\"/>\r\n<path d=\"M148.88 117.743L147.861 117.421L145.823 116.777L141.239 115.327L133.07 113.344L115.255 109.884L113.854 117.769L131.67 121.229L140.147 122.324L144.524 122.659L147.222 122.987L148.391 122.833L148.693 121.879L149.145 120.449L149.217 118.449L148.88 117.743Z\" fill=\"#C8C8C8\"/>\r\n<path d=\"M112.946 126.833L84.419 117.813L83.629 123.856L90.2514 125.95L96.9309 129.635L101.214 132.038L104.931 132.689L106.043 130.943L108.081 131.587L110.721 130.324L112.343 128.739L112.946 126.833Z\" fill=\"#FF0000\"/>\r\n<path d=\"M76.5905 119.533L81.6846 121.144L80.7801 124.004L78.3475 126.381L77.9525 129.403L78.0669 132.585L72.4633 130.814L74.7816 125.254L76.5905 119.533Z\" fill=\"black\"/>\r\n<path d=\"M49.2224 82.0376L48.2608 83.3067L50.0498 89.819L50.8773 97.6004L52.5322 113.163L72.7941 103.731L60.0999 92.1875L54.6611 87.1125L50.7506 82.5208L49.2224 82.0376Z\" fill=\"#BCBCBC\"/>\r\n<path d=\"M37.7903 87.3508L37.4556 88.5375L40.8998 94.1357L44.0094 100.921L50.2284 114.49L62.7857 104.712L49.369 95.4847L43.5797 91.4178L39.1173 87.6642L37.7903 87.3508Z\" fill=\"#BCBCBC\"/>\r\n<path d=\"M29.5089 101.225L30.1147 102.346L36.556 104.428L43.603 107.631L57.6971 114.037L59.6955 98.54L43.5575 100.051L36.5332 100.638L30.6786 100.617L29.5089 101.225Z\" fill=\"#BCBCBC\"/>\r\n<path d=\"M39.778 99.5026C37.2805 107.401 41.0101 115.1 50.5382 118.637C84.1021 127.676 90.202 122.561 92.6995 114.663C95.1971 106.764 84.8936 94.3889 59.7332 89.5558C51.2812 87.9323 42.2755 91.6038 39.778 99.5026Z\" fill=\"#FF0000\"/>\r\n<path d=\"M88.2654 112.736C86.2576 119.086 76.5979 119.7 86.2495 123.173C120.046 132.594 129.678 125.306 130.505 115.604C129.387 103.189 111.708 106.101 86.4877 100.637C78.0156 98.8018 90.2732 106.386 88.2654 112.736Z\" fill=\"#FF0000\"/>\r\n<path d=\"M147.767 119.489C146.109 124.733 150.317 124.49 153.693 125.558C163.486 131.801 168.976 130.39 169.766 124.347C170.424 119.311 168.554 114 156.256 117.453C152.88 116.386 148.85 116.066 147.767 119.489Z\" fill=\"#FD0000\"/>\r\n<line y1=\"-0.5\" x2=\"16.561\" y2=\"-0.5\" transform=\"matrix(0.0451857 -0.998979 -0.997082 -0.0763346 147.617 119.966)\" stroke=\"#F20000\"/>\r\n<ellipse cx=\"2.59177\" cy=\"3.62156\" rx=\"2.59177\" ry=\"3.62156\" transform=\"matrix(-0.978724 -0.205181 -0.191454 0.981502 152.749 97.4661)\" fill=\"#F80000\"/>\r\n<line y1=\"-0.5\" x2=\"13.5566\" y2=\"-0.5\" transform=\"matrix(0.989649 0.143512 -0.0602533 -0.998183 158.224 121.861)\" stroke=\"#F20000\"/>\r\n<ellipse cx=\"1.33556\" cy=\"3.01634\" rx=\"1.33556\" ry=\"3.01634\" transform=\"matrix(0.142736 -0.989761 -0.972227 -0.234038 176.856 126.731)\" fill=\"#F80000\"/>\r\n<ellipse cx=\"2.67134\" cy=\"2.5\" rx=\"2.67134\" ry=\"2.5\" transform=\"matrix(-0.953474 -0.301475 -0.301475 0.953474 61.3599 102.132)\" fill=\"#86881B\"/>\r\n<path d=\"M70.9452 107.26C71.8248 104.478 71.2728 101.369 69.4109 98.6171C67.549 95.8648 64.5295 93.6946 61.0168 92.5839C57.5041 91.4733 53.7859 91.5131 50.6801 92.6947C47.5743 93.8762 45.3354 96.1027 44.4559 98.8844L51.6711 101.166C52.0715 99.8994 53.0907 98.8858 54.5046 98.3479C55.9184 97.81 57.6111 97.7919 59.2102 98.2975C60.8094 98.8031 62.1839 99.7911 63.0316 101.044C63.8792 102.297 64.1304 103.712 63.73 104.979L70.9452 107.26Z\" fill=\"#1D7907\"/>\r\n<path d=\"M70.9452 107.26C71.8248 104.478 71.2728 101.369 69.4109 98.6171C67.549 95.8648 64.5295 93.6946 61.0168 92.5839C57.5041 91.4733 53.7859 91.5131 50.6801 92.6947C47.5743 93.8762 45.3354 96.1027 44.4559 98.8844L51.6711 101.166C52.0715 99.8994 53.0907 98.8858 54.5046 98.3479C55.9184 97.81 57.6111 97.7919 59.2102 98.2975C60.8094 98.8031 62.1839 99.7911 63.0316 101.044C63.8792 102.297 64.1304 103.712 63.73 104.979L70.9452 107.26Z\" fill=\"#560808\"/>\r\n<path d=\"M70.9452 107.26C71.6004 105.188 71.4658 102.917 70.5586 100.735C69.6513 98.5518 68.012 96.5548 65.8475 94.9954L61.4093 99.3953C62.3947 100.105 63.141 101.014 63.554 102.008C63.967 103.002 64.0283 104.035 63.73 104.979L70.9452 107.26Z\" fill=\"#1D7907\"/>\r\n<path d=\"M70.9452 107.26C71.6004 105.188 71.4658 102.917 70.5586 100.735C69.6513 98.5518 68.012 96.5548 65.8475 94.9954L61.4093 99.3953C62.3947 100.105 63.141 101.014 63.554 102.008C63.967 103.002 64.0283 104.035 63.73 104.979L70.9452 107.26Z\" fill=\"#1D7907\"/>\r\n<path d=\"M66.4041 95.4152C64.3259 93.7752 61.7849 92.6201 59.1019 92.0954C56.4188 91.5708 53.7138 91.7003 51.3283 92.4674L54.7997 98.2445C55.8856 97.8952 57.117 97.8363 58.3385 98.0751C59.5599 98.314 60.7167 98.8398 61.6628 99.5864L66.4041 95.4152Z\" fill=\"#1D7907\"/>\r\n<path d=\"M66.4041 95.4152C64.3259 93.7752 61.7849 92.6201 59.1019 92.0954C56.4188 91.5708 53.7138 91.7003 51.3283 92.4674L54.7997 98.2445C55.8856 97.8952 57.117 97.8363 58.3385 98.0751C59.5599 98.314 60.7167 98.8398 61.6628 99.5864L66.4041 95.4152Z\" fill=\"#D0B213\" />\r\n</svg>", "type_icon": 1, "color": 2}}, {"model": "db_spaceuc.icon", "pk": 21, "fields": {"name_icon": "alien_default_head_yellow", "svg_icon": "<svg  viewBox=\"0 0 250 250\" fill=\"none\" xmlns=\"http://www.w3.org/2000/svg\">\r\n<circle cx=\"125\" cy=\"125\" r=\"124.5\" fill=\"yellow\" stroke=\"black\" stroke-width=\"2\" class = \"head_hover\" />\r\n<path d=\"M91.7266 79.9177C110.369 95.3363 122.608 111.31 110.497 125.955C98.3852 140.599 80.3984 131.574 61.7557 116.156C43.1129 100.737 30.8739 84.7632 42.9855 70.119C55.0971 55.4748 73.0839 64.4991 91.7266 79.9177Z\" fill=\"black\"/>\r\n<path d=\"M91.7266 79.9177C110.369 95.3363 122.608 111.31 110.497 125.955C98.3852 140.599 80.3984 131.574 61.7557 116.156C43.1129 100.737 30.8739 84.7632 42.9855 70.119C55.0971 55.4748 73.0839 64.4991 91.7266 79.9177Z\" fill=\"black\"/>\r\n<path d=\"M91.7266 79.9177C110.369 95.3363 122.608 111.31 110.497 125.955C98.3852 140.599 80.3984 131.574 61.7557 116.156C43.1129 100.737 30.8739 84.7632 42.9855 70.119C55.0971 55.4748 73.0839 64.4991 91.7266 79.9177Z\" stroke=\"black\"/>\r\n<path d=\"M196.178 117.197C176.546 134.05 157.695 144.291 145.316 129.872C132.937 115.453 145.915 98.3691 165.546 81.5158C185.177 64.6624 204.029 54.4214 216.408 68.8406C228.786 83.2597 215.809 100.344 196.178 117.197Z\" fill=\"black\"/>\r\n<path d=\"M196.178 117.197C176.546 134.05 157.695 144.291 145.316 129.872C132.937 115.453 145.915 98.3691 165.546 81.5158C185.177 64.6624 204.029 54.4214 216.408 68.8406C228.786 83.2597 215.809 100.344 196.178 117.197Z\" fill=\"black\"/>\r\n<path d=\"M196.178 117.197C176.546 134.05 157.695 144.291 145.316 129.872C132.937 115.453 145.915 98.3691 165.546 81.5158C185.177 64.6624 204.029 54.4214 216.408 68.8406C228.786 83.2597 215.809 100.344 196.178 117.197Z\" stroke=\"black\"/>\r\n</svg>", "type_icon": 0, "color": 3}}, {"model": "db_spaceuc.icon", "pk": 22, "fields": {"name_icon": "alien_default_body_yellow", "svg_icon": "<svg viewBox=\"0 0 380 250\" fill=\"none\" xmlns=\"http://www.w3.org/2000/svg\">\r\n<path d=\"M379 125C379 159.073 358.007 190.049 323.801 212.553C289.603 235.052 242.3 249 190 249C137.7 249 90.3974 235.052 56.1993 212.553C21.993 190.049 1 159.073 1 125C1 90.9268 21.993 59.9512 56.1993 37.4471C90.3974 14.9484 137.7 1 190 1C242.3 1 289.603 14.9484 323.801 37.4471C358.007 59.9512 379 90.9268 379 125Z\" fill=\"yellow\" stroke=\"black\" stroke-width=\"2\" class = \"body_hover\"/>\r\n<path d=\"M292.655 138.674L294.456 138.339L296.589 137.953L297.379 142.412L298.634 146.219L301.819 152.413L307.09 158.887L314.359 165.165L323.229 169.112L322.211 171.844L317.639 169.133L312.175 167.097L308.203 163.512L304.232 159.927L299.323 152.877L295.588 146.354L293.72 143.092L292.655 138.674Z\" fill=\"#FF0000\"/>\r\n<path d=\"M269.754 113.951C270.43 115.429 265.556 122.941 263.9 123.002C262.244 123.062 260.804 120.422 260.683 117.105C260.266 112.154 268.075 107.652 272.282 108.396C273.418 108.597 268.897 112.076 269.754 113.951Z\" fill=\"#FD0000\"/>\r\n<path d=\"M314.253 127.105L330.281 121.523L337.846 143.243L341.629 154.103L342.968 156.459L344.254 159.103L345.294 161.961L345.411 164.963L344.023 168.808L338.763 173.345L335.779 176.443L329.376 177.632L324.325 175.011L321.902 172.918L322.646 168.711L324.247 166.38L327.093 165.342L326.546 162.401L325.601 159.686L321.818 148.825L314.253 127.105Z\" fill=\"#FF0000\"/>\r\n<path d=\"M249.782 118.679L250.765 118.496L252.731 118.131L257.155 117.309L264.976 116.437L281.944 115.392L282.436 123.377L265.468 124.422L257.451 124.374L253.335 124.121L250.786 124.086L249.712 123.777L249.529 122.794L249.255 121.319L249.394 119.332L249.782 118.679Z\" fill=\"#C8C8C8\"/>\r\n<path d=\"M282.347 132.462L309.876 127.348L309.989 133.43L303.598 134.617L296.99 137.37L292.748 139.175L289.216 139.323L288.359 137.448L286.392 137.813L284.061 136.212L282.712 134.429L282.347 132.462Z\" fill=\"#FF0000\"/>\r\n<path d=\"M316.997 130.094L312.082 131.007L312.629 133.956L314.652 136.632L314.709 139.673L314.273 142.805L319.681 141.8L318.093 135.993L316.997 130.094Z\" fill=\"black\"/>\r\n<path d=\"M346.386 96.6636L347.151 98.047L344.811 104.249L343.236 111.834L340.086 127.004L322.168 114.973L335.196 105.25L340.791 100.957L344.911 96.9376L346.386 96.6636Z\" fill=\"#BCBCBC\"/>\r\n<path d=\"M356.496 103.443L356.686 104.662L352.896 109.738L349.297 116.034L342.097 128.624L331.399 117.278L344.861 109.943L350.678 106.693L355.226 103.576L356.496 103.443Z\" fill=\"#BCBCBC\"/>\r\n<path d=\"M362.785 118.269L362.105 119.297L355.884 120.497L348.983 122.724L335.181 127.179L334.917 111.586L349.808 115.234L356.296 116.752L361.757 117.512L362.785 118.269Z\" fill=\"#BCBCBC\"/>\r\n<path d=\"M353.388 115.196C354.901 123.341 350.629 130.457 341.38 132.683C309.153 137.145 303.994 131.273 302.481 123.128C300.968 114.983 311.852 104.119 335.81 102.696C343.858 102.218 351.875 107.051 353.388 115.196Z\" fill=\"#FF0000\"/>\r\n<path d=\"M306.814 121.814C308.03 128.362 316.973 130.257 307.616 132.405C275.132 137.213 266.904 128.72 267.135 119.014C269.459 106.886 285.642 112.125 309.72 110.086C317.809 109.401 305.597 115.266 306.814 121.814Z\" fill=\"#FF0000\"/>\r\n<path d=\"M250.639 120.554C251.643 125.961 247.745 125.16 244.487 125.765C234.712 130.632 229.739 128.505 229.627 122.423C229.533 117.355 231.824 112.352 242.935 117.408C246.192 116.803 249.983 117.024 250.639 120.554Z\" fill=\"#FD0000\"/>\r\n<line x1=\"250.231\" y1=\"121.015\" x2=\"251.241\" y2=\"104.553\" stroke=\"#F20000\"/>\r\n<ellipse cx=\"250.967\" cy=\"101.53\" rx=\"2.42723\" ry=\"3.61867\" transform=\"rotate(-4.42983 250.967 101.53)\" fill=\"#F80000\"/>\r\n<line y1=\"-0.5\" x2=\"12.7105\" y2=\"-0.5\" transform=\"matrix(-0.999944 0.0105466 0.160515 -0.987033 240.644 121.504)\" stroke=\"#F20000\"/>\r\n<ellipse cx=\"1.33337\" cy=\"2.82385\" rx=\"1.33337\" ry=\"2.82385\" transform=\"matrix(-0.0309517 -0.999521 0.994077 -0.108676 222.769 123.835)\" fill=\"#F80000\"/>\r\n<circle cx=\"335.909\" cy=\"116.918\" r=\"2.5\" transform=\"rotate(-10.5242 335.909 116.918)\" fill=\"#86881B\"/>\r\n<path d=\"M323.528 118.709C322.995 115.841 323.831 112.84 325.851 110.366C327.871 107.893 330.91 106.15 334.3 105.52C337.69 104.89 341.153 105.426 343.926 107.008C346.7 108.591 348.558 111.092 349.091 113.96L342.128 115.254C341.885 113.948 341.04 112.81 339.777 112.089C338.514 111.368 336.938 111.125 335.395 111.411C333.851 111.698 332.468 112.492 331.548 113.618C330.629 114.744 330.248 116.11 330.491 117.416L323.528 118.709Z\" fill=\"#1D7907\"/>\r\n<path d=\"M323.528 118.709C322.995 115.841 323.831 112.84 325.851 110.366C327.871 107.893 330.91 106.15 334.3 105.52C337.69 104.89 341.153 105.426 343.926 107.008C346.7 108.591 348.558 111.092 349.091 113.96L342.128 115.254C341.885 113.948 341.04 112.81 339.777 112.089C338.514 111.368 336.938 111.125 335.395 111.411C333.851 111.698 332.468 112.492 331.548 113.618C330.629 114.744 330.248 116.11 330.491 117.416L323.528 118.709Z\" fill=\"#560808\"/>\r\n<path d=\"M323.528 118.709C323.131 116.573 323.491 114.345 324.562 112.307C325.633 110.27 327.368 108.514 329.547 107.26L333.231 112.204C332.239 112.774 331.449 113.574 330.962 114.501C330.474 115.429 330.31 116.443 330.491 117.416L323.528 118.709Z\" fill=\"#1D7907\"/>\r\n<path d=\"M323.528 118.709C323.131 116.573 323.491 114.345 324.562 112.307C325.633 110.27 327.368 108.514 329.547 107.26L333.231 112.204C332.239 112.774 331.449 113.574 330.962 114.501C330.474 115.429 330.31 116.443 330.491 117.416L323.528 118.709Z\" fill=\"#1D7907\"/>\r\n<path d=\"M328.985 107.601C331.092 106.256 333.58 105.453 336.136 105.292C338.692 105.131 341.2 105.62 343.345 106.697L339.512 111.947C338.536 111.457 337.394 111.235 336.23 111.308C335.067 111.381 333.934 111.747 332.975 112.359L328.985 107.601Z\" fill=\"#1D7907\"/>\r\n<path d=\"M328.985 107.601C331.092 106.256 333.58 105.453 336.136 105.292C338.692 105.131 341.2 105.62 343.345 106.697L339.512 111.947C338.536 111.457 337.394 111.235 336.23 111.308C335.067 111.381 333.934 111.747 332.975 112.359L328.985 107.601Z\" fill=\"#D0B213\"/>\r\n<path d=\"M101.368 131.552L99.5017 130.962L97.2898 130.273L95.9635 134.603L94.2178 138.216L90.1687 143.934L83.8842 149.632L75.5102 154.85L65.7015 157.517L66.476 160.384L71.6065 158.336L77.605 157.086L82.1975 154.08L86.7899 151.075L92.7546 144.751L97.4215 138.785L99.755 135.801L101.368 131.552Z\" fill=\"#FF0000\"/>\r\n<path d=\"M128.295 110.186C127.419 111.562 131.74 119.741 133.483 120.037C135.226 120.333 137.039 117.909 137.533 114.621C138.52 109.748 130.764 104.149 126.237 104.291C125.015 104.329 129.408 108.44 128.295 110.186Z\" fill=\"#FD0000\"/>\r\n<path d=\"M79.8202 116.947L63.4984 109.1L53.1081 129.661L47.9129 139.942L46.2379 142.098L44.5868 144.548L43.1729 147.248L42.7178 150.222L43.7603 154.251L48.8181 159.521L51.6303 163.032L58.2655 165.13L63.8922 163.238L66.6839 161.498L66.3615 157.202L64.9268 154.65L62.0339 153.211L62.936 150.358L64.2348 147.788L69.4299 137.508L79.8202 116.947Z\" fill=\"#FF0000\"/>\r\n<path d=\"M148.88 117.743L147.861 117.421L145.823 116.777L141.239 115.327L133.07 113.344L115.255 109.884L113.854 117.769L131.67 121.229L140.147 122.324L144.524 122.659L147.222 122.987L148.391 122.833L148.693 121.879L149.145 120.449L149.217 118.449L148.88 117.743Z\" fill=\"#C8C8C8\"/>\r\n<path d=\"M112.946 126.833L84.419 117.813L83.629 123.856L90.2514 125.95L96.9309 129.635L101.214 132.038L104.931 132.689L106.043 130.943L108.081 131.587L110.721 130.324L112.343 128.739L112.946 126.833Z\" fill=\"#FF0000\"/>\r\n<path d=\"M76.5905 119.533L81.6846 121.144L80.7801 124.004L78.3475 126.381L77.9525 129.403L78.0669 132.585L72.4633 130.814L74.7816 125.254L76.5905 119.533Z\" fill=\"black\"/>\r\n<path d=\"M49.2224 82.0376L48.2608 83.3067L50.0498 89.819L50.8773 97.6004L52.5322 113.163L72.7941 103.731L60.0999 92.1875L54.6611 87.1125L50.7506 82.5208L49.2224 82.0376Z\" fill=\"#BCBCBC\"/>\r\n<path d=\"M37.7903 87.3508L37.4556 88.5375L40.8998 94.1357L44.0094 100.921L50.2284 114.49L62.7857 104.712L49.369 95.4847L43.5797 91.4178L39.1173 87.6642L37.7903 87.3508Z\" fill=\"#BCBCBC\"/>\r\n<path d=\"M29.5089 101.225L30.1147 102.346L36.556 104.428L43.603 107.631L57.6971 114.037L59.6955 98.54L43.5575 100.051L36.5332 100.638L30.6786 100.617L29.5089 101.225Z\" fill=\"#BCBCBC\"/>\r\n<path d=\"M39.778 99.5026C37.2805 107.401 41.0101 115.1 50.5382 118.637C84.1021 127.676 90.202 122.561 92.6995 114.663C95.1971 106.764 84.8936 94.3889 59.7332 89.5558C51.2812 87.9323 42.2755 91.6038 39.778 99.5026Z\" fill=\"#FF0000\"/>\r\n<path d=\"M88.2654 112.736C86.2576 119.086 76.5979 119.7 86.2495 123.173C120.046 132.594 129.678 125.306 130.505 115.604C129.387 103.189 111.708 106.101 86.4877 100.637C78.0156 98.8018 90.2732 106.386 88.2654 112.736Z\" fill=\"#FF0000\"/>\r\n<path d=\"M147.767 119.489C146.109 124.733 150.317 124.49 153.693 125.558C163.486 131.801 168.976 130.39 169.766 124.347C170.424 119.311 168.554 114 156.256 117.453C152.88 116.386 148.85 116.066 147.767 119.489Z\" fill=\"#FD0000\"/>\r\n<line y1=\"-0.5\" x2=\"16.561\" y2=\"-0.5\" transform=\"matrix(0.0451857 -0.998979 -0.997082 -0.0763346 147.617 119.966)\" stroke=\"#F20000\"/>\r\n<ellipse cx=\"2.59177\" cy=\"3.62156\" rx=\"2.59177\" ry=\"3.62156\" transform=\"matrix(-0.978724 -0.205181 -0.191454 0.981502 152.749 97.4661)\" fill=\"#F80000\"/>\r\n<line y1=\"-0.5\" x2=\"13.5566\" y2=\"-0.5\" transform=\"matrix(0.989649 0.143512 -0.0602533 -0.998183 158.224 121.861)\" stroke=\"#F20000\"/>\r\n<ellipse cx=\"1.33556\" cy=\"3.01634\" rx=\"1.33556\" ry=\"3.01634\" transform=\"matrix(0.142736 -0.989761 -0.972227 -0.234038 176.856 126.731)\" fill=\"#F80000\"/>\r\n<ellipse cx=\"2.67134\" cy=\"2.5\" rx=\"2.67134\" ry=\"2.5\" transform=\"matrix(-0.953474 -0.301475 -0.301475 0.953474 61.3599 102.132)\" fill=\"#86881B\"/>\r\n<path d=\"M70.9452 107.26C71.8248 104.478 71.2728 101.369 69.4109 98.6171C67.549 95.8648 64.5295 93.6946 61.0168 92.5839C57.5041 91.4733 53.7859 91.5131 50.6801 92.6947C47.5743 93.8762 45.3354 96.1027 44.4559 98.8844L51.6711 101.166C52.0715 99.8994 53.0907 98.8858 54.5046 98.3479C55.9184 97.81 57.6111 97.7919 59.2102 98.2975C60.8094 98.8031 62.1839 99.7911 63.0316 101.044C63.8792 102.297 64.1304 103.712 63.73 104.979L70.9452 107.26Z\" fill=\"#1D7907\"/>\r\n<path d=\"M70.9452 107.26C71.8248 104.478 71.2728 101.369 69.4109 98.6171C67.549 95.8648 64.5295 93.6946 61.0168 92.5839C57.5041 91.4733 53.7859 91.5131 50.6801 92.6947C47.5743 93.8762 45.3354 96.1027 44.4559 98.8844L51.6711 101.166C52.0715 99.8994 53.0907 98.8858 54.5046 98.3479C55.9184 97.81 57.6111 97.7919 59.2102 98.2975C60.8094 98.8031 62.1839 99.7911 63.0316 101.044C63.8792 102.297 64.1304 103.712 63.73 104.979L70.9452 107.26Z\" fill=\"#560808\"/>\r\n<path d=\"M70.9452 107.26C71.6004 105.188 71.4658 102.917 70.5586 100.735C69.6513 98.5518 68.012 96.5548 65.8475 94.9954L61.4093 99.3953C62.3947 100.105 63.141 101.014 63.554 102.008C63.967 103.002 64.0283 104.035 63.73 104.979L70.9452 107.26Z\" fill=\"#1D7907\"/>\r\n<path d=\"M70.9452 107.26C71.6004 105.188 71.4658 102.917 70.5586 100.735C69.6513 98.5518 68.012 96.5548 65.8475 94.9954L61.4093 99.3953C62.3947 100.105 63.141 101.014 63.554 102.008C63.967 103.002 64.0283 104.035 63.73 104.979L70.9452 107.26Z\" fill=\"#1D7907\"/>\r\n<path d=\"M66.4041 95.4152C64.3259 93.7752 61.7849 92.6201 59.1019 92.0954C56.4188 91.5708 53.7138 91.7003 51.3283 92.4674L54.7997 98.2445C55.8856 97.8952 57.117 97.8363 58.3385 98.0751C59.5599 98.314 60.7167 98.8398 61.6628 99.5864L66.4041 95.4152Z\" fill=\"#1D7907\"/>\r\n<path d=\"M66.4041 95.4152C64.3259 93.7752 61.7849 92.6201 59.1019 92.0954C56.4188 91.5708 53.7138 91.7003 51.3283 92.4674L54.7997 98.2445C55.8856 97.8952 57.117 97.8363 58.3385 98.0751C59.5599 98.314 60.7167 98.8398 61.6628 99.5864L66.4041 95.4152Z\" fill=\"#D0B213\" />\r\n</svg>", "type_icon": 1, "color": 3}}, {"model": "db_spaceuc.icon", "pk": 23, "fields": {"name_icon": "armor_default_head", "svg_icon": "<svg  viewBox=\"0 0 250 250\" fill=\"none\" xmlns=\"http://www.w3.org/2000/svg\">\r\n<path d=\"M249.5 125.51C249.5 192.851 193.769 247.459 125 247.459C56.2308 247.459 0.5 192.851 0.5 125.51C0.5 58.1694 56.2308 3.56128 125 3.56128C193.769 3.56128 249.5 58.1694 249.5 125.51Z\" fill=\"#875A41\" stroke=\"black\" class = \"head_hover\"/>\r\n<path d=\"M222.642 80.556C225.649 90.0825 223.429 104.327 217.897 116.996C215.137 123.318 211.565 129.217 207.442 133.907C203.316 138.601 198.662 142.059 193.742 143.549C183.662 146.602 172.946 149.327 164.006 148.898C159.544 148.683 155.56 147.684 152.327 145.578C149.103 143.478 146.584 140.252 145.086 135.505C142.075 125.966 143.782 112.164 148.786 99.9547C153.795 87.7343 162.028 77.2986 171.889 74.312C181.977 71.2566 193.223 68.0798 202.698 68.0641C207.43 68.0562 211.675 68.8377 215.1 70.7804C218.51 72.7147 221.148 75.8228 222.642 80.556Z\" fill=\"#603C34\" stroke=\"black\"  class = \"non_click\"/>\r\n<path d=\"M24.4491 80.5712C21.4689 90.1056 23.7286 104.344 29.2952 116.999C32.073 123.313 35.6613 129.202 39.7973 133.882C43.9362 138.564 48.6003 142.01 53.5246 143.487C63.6132 146.513 74.3362 149.209 83.2753 148.756C87.7367 148.53 91.7173 147.52 94.9449 145.405C98.1633 143.297 100.673 140.064 102.158 135.313C105.142 125.766 103.397 111.969 98.3587 99.7725C93.3158 87.5655 85.054 77.1519 75.1847 74.1916C65.088 71.1631 53.8334 68.0164 44.3579 68.026C39.6264 68.0308 35.3837 68.8236 31.9642 70.7754C28.5595 72.7188 25.9298 75.834 24.4491 80.5712Z\" fill=\"#603C34\" stroke=\"black\"  class = \"non_click\"/>\r\n<path d=\"M141.262 88.481L141.218 88.5422L141.193 88.6138L134.016 109.609L125 124.543L115.983 109.609L108.806 88.6138L108.782 88.5422L108.737 88.481L98.3205 74.1953L98.2543 74.1044L98.1555 74.0507L79.6409 63.9747L78.1371 47.0222L78.1268 46.907L78.0671 46.8079L68.6371 31.1891L65.1398 15.5052L75.2181 7.60711L93.828 3.55604L125.003 0.502159L160.335 3.5561L176.794 7.58667L182.817 15.4546L181.346 31.2172L171.933 46.8079L171.873 46.907L171.863 47.0222L170.359 63.9747L151.844 74.0507L151.745 74.1044L151.679 74.1953L141.262 88.481Z\" fill=\"#2F221F\" stroke=\"black\"  class = \"non_click\"/>\r\n<path d=\"M73.4125 190.753L73.4034 190.682L73.3746 190.616L67.2139 176.534L75.381 158.533L91.7824 150.5H122.917H154.051L170.474 158.544L180.691 176.56L174.542 190.616L174.5 190.712V190.816V207.111L172.443 223.234L164.233 231.275L155.987 239.353L122.921 249.476L91.9497 239.362L77.5595 223.252L75.4958 207.08L73.4125 190.753Z\" fill=\"#2F221F\" stroke=\"black\"  class = \"non_click\"/>\r\n</svg>", "type_icon": 0, "color": 0}}, {"model": "db_spaceuc.icon", "pk": 24, "fields": {"name_icon": "armor_default_body", "svg_icon": "<svg viewBox=\"0 0 380 250\" fill=\"none\" xmlns=\"http://www.w3.org/2000/svg\">\r\n<path d=\"M352.113 125C352.113 159.33 334.012 190.445 304.68 212.992C275.347 235.54 234.804 249.5 190 249.5C145.196 249.5 104.653 235.54 75.3203 212.992C45.9884 190.445 27.8875 159.33 27.8875 125C27.8875 90.6696 45.9884 59.5554 75.3203 37.0081C104.653 14.4603 145.196 0.5 190 0.5C234.804 0.5 275.347 14.4603 304.68 37.0081C334.012 59.5554 352.113 90.6696 352.113 125Z\" fill=\"#875A41\" stroke=\"black\" class = \"body_hover\"/>\r\n<path d=\"M0.500092 97.0151V78.4821L8.8749 62.586L17.2915 53.8034L25.6699 45.0605L59.2513 34.1099L90.7064 45.051L105.413 62.5899L115.896 78.5083V97.0151V112.981L107.541 132.597L90.8783 141.291L59.2564 141.291H27.6346L10.9502 132.586L0.500092 112.958V97.0151Z\" fill=\"#2F221F\" stroke=\"black\" class = \"non_click\" />\r\n<path d=\"M264.104 97.0151V78.4821L272.478 62.586L280.895 53.8034L289.273 45.0605L322.855 34.1099L354.31 45.051L369.017 62.5899L379.5 78.5083V97.0151V112.981L371.145 132.597L354.482 141.291L322.86 141.291H291.238L274.554 132.586L264.104 112.958V97.0151Z\" fill=\"#2F221F\" stroke=\"black\" class = \"non_click\" />\r\n</svg>", "type_icon": 1, "color": 0}}, {"model": "db_spaceuc.icon", "pk": 25, "fields": {"name_icon": "armor_default_background", "svg_icon": "<svg viewBox=\"0 0 200 200\" fill=\"none\" xmlns=\"http://www.w3.org/2000/svg\">\r\n<circle cx=\"100\" cy=\"100\" r=\"99.5\" fill=\"#968763\" stroke=\"black\"  class = \"background_hover\"/>\r\n<path d=\"M194 129.5C188.5 158 150.825 199 102.5 199C54.1751 199 18 170 5.5 130C5.5 84.1604 49.1751 47 97.5 47C145.825 47 194 83.6604 194 129.5Z\" fill=\"#9F770F\" class =\"non_click\"/>\r\n<circle cx=\"144\" cy=\"30\" r=\"10\" fill=\"#E1CE20\" class =\"non_click\"/>\r\n</svg>", "type_icon": 2, "color": 0}}, {"model": "db_spaceuc.level", "pk": 1, "fields": {"name_level": "Nivel 1", "description_level": "Este nivel se centra en el planeta Tierra. Aprenders cmo se form el planeta Tierra, cmo lleg el agua y la importancia de la inclinacin del planeta y la Luna.", "svg_level": "<svg viewBox=\"0 0 200 209\" fill=\"none\" xmlns=\"http://www.w3.org/2000/svg\" class=\"not-300\"><circle cx=\"100\" cy=\"109\" r=\"100\" fill=\"#093EF8\"/><path d=\"M92.5 116C47 157 99 182.5 58.18 180c-17.203-3.099-43.18-48-45.876-55.779C7 105 5.852 105.319 52.446 94.473 92.036 94.473 93.5 113.5 92.5 116Z\" fill=\"#0B701B\"/><path d=\"M168.71 36.32C192 57.5 202 93 196.5 97.5c-1.5 5.5-38.598 16.676-61.21-.922-9.499-7.394-15.306-6.097-2.113-37.832 17.298-22.225 6.106-50.643 35.533-22.425Zm21.576 115.462C181.5 171.5 160.026 192.34 155 189.5c-4.572.128-26.294-28.714-19.91-48.02 2.682-8.111-.035-11.84 27.708-9.452 21.854 7.226 39.779-6.495 27.488 19.754Z\" fill=\"#0F8A23\"/><path d=\"M55.5 26c13.217-.031 32.355-4 30 12.5-1.177 8.246-24.714 50.375-37.93 50.406-5.553.013-7.292 3.109-11.533-19.208C19 47 31.814 28.804 55.5 26Z\" fill=\"#0B701B\"/><path d=\"M55.5 26c13.217-.031 32.355-4 30 12.5-1.177 8.246-24.714 50.375-37.93 50.406-5.553.013-7.292 3.109-11.533-19.208C19 47 31.814 28.804 55.5 26Z\" fill=\"#0B701B\"/><path d=\"M43.785 58.546c2.795-.06 6.757-4.071 6.608 12.43-.075 8.248-4.162 50.418-6.956 50.479-1.173.025-1.476 3.124-2.844-19.178-4.082-22.656-1.757-40.876 3.192-43.731Z\" fill=\"#0B701B\"/><path d=\"M43.785 58.546c2.795-.06 6.757-4.071 6.608 12.43-.075 8.248-4.162 50.418-6.956 50.479-1.173.025-1.476 3.124-2.844-19.178-4.082-22.656-1.757-40.876 3.192-43.731Z\" fill=\"#0B701B\"/></svg>"}}, {"model": "db_spaceuc.level", "pk": 2, "fields": {"name_level": "Nivel 2", "description_level": "Este Nivel se hablar sobre las estrellas, hablaremos sobre sus colores en relacin a su temperatura, la edad de una estrella y qu ocurre cuando una estrella acaba toda su energa.", "svg_level": "<svg viewBox=\"0 0 464 462\" fill=\"none\" xmlns=\"http://www.w3.org/2000/svg\"><path d=\"m235 0 26.847 171.75h-53.694L235 0Zm229 229-171.75 26.847v-53.694L464 229ZM235 462l-26.847-171.75h53.694L235 462ZM0 230l171.75-26.847v53.694L0 230Z\" fill=\"#9DD4E0\"/><path d=\"m111.757 102.401 114.379 77.165-30.526 29.106-83.853-106.271Zm251.194 8.786-73.786 99.465-30.986-28.673 104.772-70.792Zm15.425 237.931-114.379-77.164 30.525-29.107 83.854 106.271Zm-267.486 3.497 82.148-107.439 30.987 28.673-113.135 78.766Z\" fill=\"#9DD4E0\"/><circle cx=\"234\" cy=\"234\" r=\"100\" fill=\"#9DD4E0\"/><circle cx=\"234\" cy=\"236\" r=\"50\" fill=\"#4FB6CD\"/></svg>"}}, {"model": "db_spaceuc.level", "pk": 3, "fields": {"name_level": "Nivel 3", "description_level": "En este nivel, abordaremos la Luna ms grande del sistema solar, Ganmedes; discutiremos la existencia de agua y oxgeno en nuestra luna. Finalmente, exploramos Titn, la luna de Saturno.", "svg_level": "<svg viewBox=\"0 0 200 200\" fill=\"none\" xmlns=\"http://www.w3.org/2000/svg\" class=\"not-300\">\r\n                <circle cx=\"100\" cy=\"100\" r=\"100\" fill=\"#FEFFC6\"/>\r\n                <ellipse cx=\"72\" cy=\"102.5\" rx=\"72\" ry=\"80.5\" fill=\"#5F6047\"/>\r\n                <circle cx=\"157\" cy=\"47\" r=\"9\" fill=\"#A5A685\"/>\r\n                <circle cx=\"157\" cy=\"47\" r=\"9\" fill=\"#A5A685\"/>\r\n                <circle cx=\"88.5\" cy=\"10.5\" r=\"6.5\" fill=\"#A5A685\"/>\r\n                <circle cx=\"88.5\" cy=\"10.5\" r=\"6.5\" fill=\"#A5A685\"/>\r\n                <circle cx=\"160.5\" cy=\"93.5\" r=\"12.5\" fill=\"#A5A685\"/>\r\n                <circle cx=\"160.5\" cy=\"93.5\" r=\"12.5\" fill=\"#A5A685\"/>\r\n                <circle cx=\"143\" cy=\"157\" r=\"6\" fill=\"#A5A685\"/>\r\n                <circle cx=\"143\" cy=\"157\" r=\"6\" fill=\"#A5A685\"/>\r\n                <circle cx=\"115\" cy=\"175\" r=\"1\" fill=\"#A5A685\"/>\r\n                <circle cx=\"115\" cy=\"175\" r=\"1\" fill=\"#A5A685\"/>\r\n                <circle cx=\"129.5\" cy=\"20.5\" r=\"3.5\" fill=\"#A5A685\"/>\r\n                <circle cx=\"129.5\" cy=\"20.5\" r=\"3.5\" fill=\"#A5A685\"/>\r\n                </svg>"}}, {"model": "db_spaceuc.level", "pk": 4, "fields": {"name_level": "Nivel 4", "description_level": "En este nivel, hablaremos de asteroides, explicaremos de qu estn hechos, as como su tamao y color. Tambin abordaremos la curiosa forma que tiene el asteroide 243 Ida.", "svg_level": "<svg viewBox=\"0 0 231 203\" fill=\"none\" xmlns=\"http://www.w3.org/2000/svg\" class=\"not-300\">\r\n                <path d=\"M208.263 100.605C220.263 154.105 159.263 213.605 117.763 200.605C17.7633 207.605 0.763282 153.105 17.7633 100.605C32.7633 48.605 68.2632 -6.39508 117.763 0.604999C142.263 8.60498 200.763 48.105 208.263 100.605Z\" fill=\"#D9D9D9\"/>\r\n                <path d=\"M207.536 23.6428C206.209 29.4533 196.327 31.488 192.287 27.7785C180.628 22.4902 181.439 16.2868 185.995 12.2985C190.3 8.23884 197.073 5.11415 202.319 8.72864C204.688 10.9496 209.322 18.1956 207.536 23.6428Z\" fill=\"#D9D9D9\"/>\r\n                <path d=\"M19.6831 32.9753C26.8249 32.8507 32.2792 43.299 29.2524 48.8237C26.7873 63.2709 19.3522 64.0779 13.307 60.1025C7.25787 56.4267 1.51692 49.7428 4.05559 42.9013C5.88348 39.6494 12.8179 32.4887 19.6831 32.9753Z\" fill=\"#D9D9D9\"/>\r\n                <path d=\"M217.402 136.861C219.038 134.079 224.35 134.438 225.765 136.906C230.75 141.26 229.308 144.315 226.351 145.709C223.508 147.174 219.58 147.812 217.542 145.222C216.72 143.751 215.596 139.392 217.402 136.861Z\" fill=\"#D9D9D9\"/>\r\n                <circle cx=\"11.5\" cy=\"44.5\" r=\"2.5\" fill=\"#7C7C7C\"/>\r\n                <circle cx=\"16\" cy=\"52\" r=\"1\" fill=\"#7C7C7C\"/>\r\n                <circle cx=\"23.5\" cy=\"46.5\" r=\"3.5\" fill=\"#7C7C7C\"/>\r\n                <circle cx=\"191\" cy=\"16\" r=\"2\" fill=\"#7C7C7C\"/>\r\n                <circle cx=\"197.5\" cy=\"10.5\" r=\"0.5\" fill=\"#7C7C7C\"/>\r\n                <circle cx=\"201.5\" cy=\"22.5\" r=\"3.5\" fill=\"#7C7C7C\"/>\r\n                <circle cx=\"51.5\" cy=\"125.5\" r=\"24.5\" fill=\"#7C7C7C\"/>\r\n                <circle cx=\"130.5\" cy=\"42.5\" r=\"12.5\" fill=\"#7C7C7C\"/>\r\n                <circle cx=\"152\" cy=\"144\" r=\"9\" fill=\"#7C7C7C\"/>\r\n                <circle cx=\"173.5\" cy=\"89.5\" r=\"5.5\" fill=\"#7C7C7C\"/>\r\n                <circle cx=\"65.5\" cy=\"58.5\" r=\"5.5\" fill=\"#7C7C7C\"/>\r\n                <circle cx=\"222\" cy=\"138\" r=\"1\" fill=\"#7C7C7C\"/>\r\n                <circle cx=\"217.5\" cy=\"141.5\" r=\"0.5\" fill=\"#7C7C7C\"/>\r\n                <circle cx=\"227\" cy=\"142\" r=\"1\" fill=\"#7C7C7C\"/>\r\n                </svg>"}}, {"model": "db_spaceuc.level", "pk": 5, "fields": {"name_level": "Nivel 5", "description_level": "En este nivel, hablaremos sobre la zona habitable que posee la Tierra, la importancia de Jpiter en nuestra supervivencia y la relevancia de estar lejos del centro galctico.", "svg_level": "<svg viewBox=\"0 0 200 200\" fill=\"none\" xmlns=\"http://www.w3.org/2000/svg\">\r\n                <circle cx=\"100\" cy=\"100\" r=\"99.5\" stroke=\"white\"/>\r\n                <circle cx=\"100\" cy=\"100\" r=\"99.5\" stroke=\"white\"/>\r\n                <circle cx=\"100\" cy=\"102\" r=\"84.5\" stroke=\"white\"/>\r\n                <circle cx=\"100\" cy=\"102\" r=\"84.5\" stroke=\"white\"/>\r\n                <circle cx=\"100\" cy=\"102\" r=\"64.5\" stroke=\"white\"/>\r\n                <circle cx=\"100\" cy=\"102\" r=\"64.5\" stroke=\"white\"/>\r\n                <circle cx=\"163.5\" cy=\"87.5\" r=\"3.5\" fill=\"#489F2A\"/>\r\n                <circle cx=\"144.5\" cy=\"31.5\" r=\"7.5\" fill=\"#B13D3D\"/>\r\n                <circle cx=\"164\" cy=\"174\" r=\"10\" fill=\"#3CE4BC\"/>\r\n                <circle cx=\"100\" cy=\"100\" r=\"20\" fill=\"#EEF149\"/>\r\n                <circle cx=\"100\" cy=\"101\" r=\"49.5\" stroke=\"white\"/>\r\n                <circle cx=\"100\" cy=\"101\" r=\"49.5\" stroke=\"white\"/>\r\n                <circle cx=\"100\" cy=\"101\" r=\"34.5\" stroke=\"white\"/>\r\n                <circle cx=\"100\" cy=\"101\" r=\"34.5\" stroke=\"white\"/>\r\n                <circle cx=\"69.5\" cy=\"86.5\" r=\"2.5\" fill=\"#9874FF\"/>\r\n                <circle cx=\"59\" cy=\"76\" r=\"6\" fill=\"#AB9D1D\"/>\r\n                </svg>"}}, {"model": "db_spaceuc.user_ours", "pk": 2, "fields": {"run_user": "11111111-1", "alias_user": "teacher", "first_name_user": "Developer", "last_name_user": "Desarrollo", "password_user": "1111", "point_user": -1, "grade_user": "5A", "user_type": 1, "progress_user": 0, "follow_up_id_follow": 2, "user": 3}}, {"model": "db_spaceuc.user_ours", "pk": 3, "fields": {"run_user": "22222222-2", "alias_user": "Prue Estu", "first_name_user": "Estudiante", "last_name_user": "Prueba", "password_user": "2222", "point_user": 0, "grade_user": "5A", "user_type": 2, "progress_user": 0, "follow_up_id_follow": 3, "user": 4}}, {"model": "db_spaceuc.pericon", "pk": 4, "fields": {"color_icon": 0, "icon_id_icon": 1, "user_ours_id_user_ours": 2}}, {"model": "db_spaceuc.pericon", "pk": 5, "fields": {"color_icon": 0, "icon_id_icon": 2, "user_ours_id_user_ours": 2}}, {"model": "db_spaceuc.pericon", "pk": 6, "fields": {"color_icon": 0, "icon_id_icon": 3, "user_ours_id_user_ours": 2}}, {"model": "db_spaceuc.pericon", "pk": 7, "fields": {"color_icon": 0, "icon_id_icon": 1, "user_ours_id_user_ours": 3}}, {"model": "db_spaceuc.pericon", "pk": 8, "fields": {"color_icon": 0, "icon_id_icon": 2, "user_ours_id_user_ours": 3}}, {"model": "db_spaceuc.pericon", "pk": 9, "fields": {"color_icon": 0, "icon_id_icon": 3, "user_ours_id_user_ours": 3}}, {"model": "db_spaceuc.question", "pk": 1, "fields": {"number_question": 1, "title_question": "Cul es el planeta tierra?", "description_question": "Hace muchsimo tiempo, en el vasto espacio estelar, no haba nada. En su lugar, haba una inmensa nube de diminutas partculas que flotaban alrededor del Sol y poco a poco, esas partculas y rocas pequeas se compactaron unas con otras, aumentando su tamao y, con ello, su masa, atrayendo muchos ms objetos, hasta que se form el planeta  Tierra.", "audio_question": "audio/Pregunta_1.mp3", "level_id_level": 1}}, {"model": "db_spaceuc.question", "pk": 2, "fields": {"number_question": 2, "title_question": "Qu choc con la tierra?", "description_question": "Imagina que la Tierra es como una gran pelota de roca que se estaba formando hace muchsimo tiempo. Sin embargo, cuando la estaban haciendo, algunos asteroides o cometas chocaron con ella y trajeron agua. Es como cuando tienes una paleta de hielo y se derrite; as lleg el agua a la Tierra!", "audio_question": "audio/Pregunta_2.mp3", "level_id_level": 1}}, {"model": "db_spaceuc.question", "pk": 3, "fields": {"number_question": 3, "title_question": "Quin mantiene la inclinacin del Planeta Tierra?", "description_question": "En algn momento, un objeto grande choc suavemente con la Tierra, dndole un pequeo empujn. Como resultado, la Tierra se inclin. Esta es la razn por  la cual experimentamos diferentes estaciones del ao. Gracias a la Luna y su fuerza gravitacional, la Tierra se mantiene inclinada. As que puedes decir que gracias a  la luna tenemos el Verano e Invierno!", "audio_question": "audio/Pregunta_3.mp3", "level_id_level": 1}}, {"model": "db_spaceuc.question", "pk": 4, "fields": {"number_question": 1, "title_question": "Qu color es el ms fro en las estrellas?", "description_question": "El color de las estrellas representa su temperatura, una estrella naranja tiene una temperatura de 4500 a 3800 C mientras que la temperatura de una estrella amarilla es de 6000 C, pero la reina de la temperatura es la estrella azul con una temperatura de 40000 C, para que te hagas una idea en un da caluroso en la tierra la temperatura es de 32 C.", "audio_question": "audio/Pregunta_4.mp3", "level_id_level": 2}}, {"model": "db_spaceuc.question", "pk": 5, "fields": {"number_question": 2, "title_question": "Cul de estas estrellas es ms joven?", "description_question": "Alguna vez te has preguntado cuntos aos tienen las estrellas en el cielo? Es interesante saber que, al igual que las personas, las estrellas tambin tienen edades. Las ms jvenes son muy brillantes y tienen tonalidades azules, pero otras son muy viejas, siendo ms fras y de color rojizo.", "audio_question": "audio/Pregunta_5.mp3", "level_id_level": 2}}, {"model": "db_spaceuc.question", "pk": 6, "fields": {"number_question": 3, "title_question": "Cul de estas imgenes est ms cerca del final de una estrella?", "description_question": "Sabas que las estrellas pueden tener destinos muy diferentes al llegar al final de sus vidas? Una estrella, al morir, puede transformarse en un AGUJERO NEGRO, en una ENANA BLANCA o en una SUPERNOVA.", "audio_question": "audio/Pregunta_6.mp3", "level_id_level": 2}}, {"model": "db_spaceuc.question", "pk": 7, "fields": {"number_question": 1, "title_question": "Cul de estas imgenes es Ganmedes?", "description_question": "Ganmedes es la luna ms grande del sistema solar y es incluso ms grande que el planeta Mercurio. Tambin tiene un ocano de agua salada bajo su superficie, lo que la convierte en un lugar interesante en la bsqueda de vida extraterrestre.", "audio_question": "audio/Pregunta_7.mp3", "level_id_level": 3}}, {"model": "db_spaceuc.question", "pk": 8, "fields": {"number_question": 2, "title_question": "Cul de estas imgenes se han aprovechado de estas caractersticas?", "description_question": "En la Luna, nuestro vecino espacial, se han encontrado cosas asombrosas. Aunque la Luna no tiene aire, tiene un poquito de oxgeno en las rocas, lo que podra ser til para futuros astronautas. Adems, en los lugares ms fros de la Luna, como los polos, se ha encontrado hielo! Este hielo podra ser agua congelada, y el agua es esencial para la vida y la exploracin espacial.", "audio_question": "audio/Pregunta_8.mp3", "level_id_level": 3}}, {"model": "db_spaceuc.question", "pk": 9, "fields": {"number_question": 3, "title_question": "Cul de estas imgenes te sita en Titn?", "description_question": "Titn es la luna ms grande de Saturno y es nica por tener una densa atmsfera. En lugar de agua, en la superficie de Titn, hay ros, lagos y mares de hidrocarburos lquidos, como metano y etano.", "audio_question": "audio/Pregunta_9.mp3", "level_id_level": 3}}, {"model": "db_spaceuc.question", "pk": 10, "fields": {"number_question": 1, "title_question": "Qu crees que podra pasar si un asteroide de hielo llegar a la Tierra?", "description_question": "Algunos asteroides estn hechos de roca y metal, pero otros pueden estar hechos de hielo y polvo! e incluso de diamantes u oro.", "audio_question": "audio/Pregunta_10.mp3", "level_id_level": 4}}, {"model": "db_spaceuc.question", "pk": 11, "fields": {"number_question": 2, "title_question": "Cul de estas imgenes crees que representa a Ceres?", "description_question": "Los asteroides pueden variar en tamao desde pequeas rocas hasta objetos ms grandes siendo CERES el ms grande, de color GRIS con crteres azules.", "audio_question": "audio/Pregunta_11.mp3", "level_id_level": 4}}, {"model": "db_spaceuc.question", "pk": 12, "fields": {"number_question": 3, "title_question": "Elige la imagen que creas que representa a Ida y su amiguito Dactyl juntos.", "description_question": "Sabas que el asteroide 243 Ida es un asteroide en forma de pepino que tiene un amiguito que lo acompaa, llamado Dactyl, su propia luna.", "audio_question": "audio/Pregunta_12.mp3", "level_id_level": 4}}, {"model": "db_spaceuc.question", "pk": 13, "fields": {"number_question": 1, "title_question": "Cul de estas imgenes representa mejor la zona habitable?", "description_question": "La zona habitable de la Tierra es como una rea en el espacio a la distancia justa del Sol, donde ni hace demasiado calor ni demasiado fro. Esto permite tener agua y temperaturas perfectas para que plantas, animales y personas vivan cmodamente. Es como estar a la distancia perfecta de una estufa para sentirte a gusto.", "audio_question": "audio/Pregunta_13.mp3", "level_id_level": 5}}, {"model": "db_spaceuc.question", "pk": 14, "fields": {"number_question": 2, "title_question": "Cul de ests imgenes muestra jpiter?", "description_question": "Imagina que Jpiter es como un superhroe que cuida a la Tierra. Siempre est atento y acta como un escudo gigante en el espacio. Su tamao y fuerza hacen que aleje cosas peligrosas, como rocas espaciales, evitando que choquen con la Tierra y nos hagan dao. Es como un amigo fuerte que nos protege de los peligros del espacio para que podamos vivir seguros aqu en nuestro planeta!", "audio_question": "audio/Pregunta_14.mp3", "level_id_level": 5}}, {"model": "db_spaceuc.question", "pk": 15, "fields": {"number_question": 3, "title_question": "Cul de estas imgenes representa el mejor lugar para habitar?", "description_question": "Estar lejos del centro galctico es como vivir en un lugar tranquilo en la enorme ciudad del universo. Nuestro vecindario espacial, donde est la Tierra, est en las afueras, alejado del bullicio y la intensa actividad que hay en el centro galctico. Esto nos da paz y seguridad, como vivir en un barrio tranquilo, lejos del ajetreo de la ciudad grande del espacio.", "audio_question": "audio/Pregunta_15.mp3", "level_id_level": 5}}, {"model": "db_spaceuc.answer", "pk": 1, "fields": {"title_answer": "Planeta Tierra", "content_answer": "Este es el planeta Tierra.", "img_answer": "answers/earth.jpg", "option_answer": true, "question_id_question": 1}}, {"model": "db_spaceuc.answer", "pk": 2, "fields": {"title_answer": "Planeta Marte", "content_answer": "Este es el Planeta Marte, recuerda que el planeta Tierra tiene un gran ocano azul.", "img_answer": "answers/mars.jpg", "option_answer": false, "question_id_question": 1}}, {"model": "db_spaceuc.answer", "pk": 3, "fields": {"title_answer": "Planeta Jpiter", "content_answer": "Este es el Planeta jpiter, recuerda que el planeta Tierra tiene tierras verdes.", "img_answer": "answers/jupiter.jpg", "option_answer": false, "question_id_question": 1}}, {"model": "db_spaceuc.answer", "pk": 4, "fields": {"title_answer": "Asteroide", "content_answer": "un asteroide que tena hielo choc con el planeta Tierra.", "img_answer": "answers/Asteroid.jpg", "option_answer": true, "question_id_question": 2}}, {"model": "db_spaceuc.answer", "pk": 5, "fields": {"title_answer": "Agujero Negro", "content_answer": "Este es un agujero negro, si hubiera chocado con el Planeta Tierra no existiramos!", "img_answer": "answers/black_hole.jpg", "option_answer": false, "question_id_question": 2}}, {"model": "db_spaceuc.answer", "pk": 6, "fields": {"title_answer": "Satlite", "content_answer": "Cuando la Tierra se estaba formando, no exista ningn satlite en rbita.", "img_answer": "answers/Satellite.jpg", "option_answer": false, "question_id_question": 2}}, {"model": "db_spaceuc.answer", "pk": 7, "fields": {"title_answer": "Asteroide pequeo", "content_answer": "Un asteroide es demasiado pequeo para influir en la inclinacin de la Tierra.", "img_answer": "answers/asteroid_small.jpg", "option_answer": false, "question_id_question": 3}}, {"model": "db_spaceuc.answer", "pk": 8, "fields": {"title_answer": "Luna", "content_answer": "La Luna es la responsable de mantener la inclinacin de la Tierra.", "img_answer": "answers/Moon.jpg", "option_answer": true, "question_id_question": 3}}, {"model": "db_spaceuc.answer", "pk": 9, "fields": {"title_answer": "Estrella", "content_answer": "Cualquier estrella est demasiado lejos para tener influencia en la Tierra.", "img_answer": "answers/star.jpg", "option_answer": false, "question_id_question": 3}}, {"model": "db_spaceuc.answer", "pk": 10, "fields": {"title_answer": "Estrella Azul", "content_answer": "La Estrella Azul es la ms caliente de todas, su temperatura es de 40000 C.", "img_answer": "answers/blue_star.jpg", "option_answer": false, "question_id_question": 4}}, {"model": "db_spaceuc.answer", "pk": 11, "fields": {"title_answer": "Estrella Naranja", "content_answer": "La estrella naranja es la ms fra de todas, con una temperatura de entre 3800 C y 4500 C.", "img_answer": "answers/orange_star.jpg", "option_answer": true, "question_id_question": 4}}, {"model": "db_spaceuc.answer", "pk": 12, "fields": {"title_answer": "Estrella Amarilla", "content_answer": "La estrella amarilla no es ni la ms fra ni la ms caliente, su temperatura ronda los 6000 C.", "img_answer": "answers/yellow_star.jpg", "option_answer": false, "question_id_question": 4}}, {"model": "db_spaceuc.answer", "pk": 13, "fields": {"title_answer": "Estrella Azul", "content_answer": "La estrella azul es considerada una \"estrella joven\".", "img_answer": "answers/blue_star_NesmyHb.jpg", "option_answer": true, "question_id_question": 5}}, {"model": "db_spaceuc.answer", "pk": 14, "fields": {"title_answer": "Estrella Naranja", "content_answer": "La estrella naranja es ms vieja que la estrella azul y la amarilla, su tonalidad naranja se debe a que tiene menos energa.", "img_answer": "answers/orange_star_pqCfIqf.jpg", "option_answer": false, "question_id_question": 5}}, {"model": "db_spaceuc.answer", "pk": 15, "fields": {"title_answer": "Estrella Amarilla", "content_answer": "La estrella amarilla no es ni la ms joven ni la ms vieja, se encuentra justo en el medio, siendo ms vieja que una estrella azul pero ms joven que una estrella naranja.", "img_answer": "answers/yellow_star_kJjOm2v.jpg", "option_answer": false, "question_id_question": 5}}, {"model": "db_spaceuc.answer", "pk": 16, "fields": {"title_answer": "Estrella Naranja", "content_answer": "La estrella Naranja es la que menos energa posee debido a que tiene ms tiempo de vida, por lo que es la ms cercana al final de una estrella.", "img_answer": "answers/orange_star_cOAKcAB.jpg", "option_answer": true, "question_id_question": 6}}, {"model": "db_spaceuc.answer", "pk": 17, "fields": {"title_answer": "Estrella Amarilla", "content_answer": "Una estrella amarilla es ms joven que la estrella naranja, por lo que no es la ms cercana al final de una estrella.", "img_answer": "answers/yellow_star_JB5ZkFQ.jpg", "option_answer": false, "question_id_question": 6}}, {"model": "db_spaceuc.answer", "pk": 18, "fields": {"title_answer": "Estrella Azul", "content_answer": "La estrella azul es la ms joven de todas, por lo que todava tiene muchos aos de vida.", "img_answer": "answers/blue_star_QaxkiEv.jpg", "option_answer": false, "question_id_question": 6}}, {"model": "db_spaceuc.answer", "pk": 19, "fields": {"title_answer": "Ganmedes", "content_answer": "Esta es La Luna Ganmedes.", "img_answer": "answers/Ganmedes.jpg", "option_answer": true, "question_id_question": 7}}, {"model": "db_spaceuc.answer", "pk": 20, "fields": {"title_answer": "La Tierra", "content_answer": "Este es el Planeta Tierra, Si bien se parece recuerda que en Ganmedes no se reconocen los continentes.", "img_answer": "answers/Earth_L0ADx9v.jpg", "option_answer": false, "question_id_question": 7}}, {"model": "db_spaceuc.answer", "pk": 21, "fields": {"title_answer": "La Luna", "content_answer": "Esta es la Luna, Recuerda que Ganmedes Posee agua, por lo que se distingue con un color azul.", "img_answer": "answers/Moon_u7ciLbh.jpg", "option_answer": false, "question_id_question": 7}}, {"model": "db_spaceuc.answer", "pk": 22, "fields": {"title_answer": "Base Espacial", "content_answer": "En esta imagen se puede ver cmo se estn aprovechando las caractersticas de la luna.", "img_answer": "answers/Base_Espacial.png", "option_answer": true, "question_id_question": 8}}, {"model": "db_spaceuc.answer", "pk": 23, "fields": {"title_answer": "Estrella Azul", "content_answer": "Esta es una estrella azul que no posee oxgeno ni agua.", "img_answer": "answers/blue_star_5M6M58C.jpg", "option_answer": false, "question_id_question": 8}}, {"model": "db_spaceuc.answer", "pk": 24, "fields": {"title_answer": "Superficie de Venus", "content_answer": "Esta es la superficie de Venus, no es habitable debido a que tiene una atmsfera txica y temperaturas extremadamente altas.", "img_answer": "answers/Venus_superficie.jpg", "option_answer": false, "question_id_question": 8}}, {"model": "db_spaceuc.answer", "pk": 25, "fields": {"title_answer": "Titn", "content_answer": "Esta es la superficie de Titn. Como puedes ver, se ve Saturno en el cielo.", "img_answer": "answers/Titn.png", "option_answer": true, "question_id_question": 9}}, {"model": "db_spaceuc.answer", "pk": 26, "fields": {"title_answer": "Satlite Orbita", "content_answer": "Este es un Satlite orbitando la Tierra.", "img_answer": "answers/Sateliterbita.jpg", "option_answer": false, "question_id_question": 9}}, {"model": "db_spaceuc.answer", "pk": 27, "fields": {"title_answer": "Chile", "content_answer": "Esto es Chile y Argentina vistos desde un Satlite.", "img_answer": "answers/Chile.jpg", "option_answer": false, "question_id_question": 9}}, {"model": "db_spaceuc.answer", "pk": 28, "fields": {"title_answer": "Tierra Helada", "content_answer": "Este es un ejemplo de cmo quedara la Tierra si un asteroide de hielo chocara con ella.", "img_answer": "answers/Tierra_Helada.jpg", "option_answer": true, "question_id_question": 10}}, {"model": "db_spaceuc.answer", "pk": 29, "fields": {"title_answer": "La Tierra", "content_answer": "Este es el planeta Tierra en su estado actual.", "img_answer": "answers/Earth_16C2tXJ.jpg", "option_answer": false, "question_id_question": 10}}, {"model": "db_spaceuc.answer", "pk": 30, "fields": {"title_answer": "Tierra Desrtica", "content_answer": "Este es un ejemplo de la Tierra si tuviramos temperaturas exageradamente altas.", "img_answer": "answers/Tierra_Desertica.jpg", "option_answer": false, "question_id_question": 10}}, {"model": "db_spaceuc.answer", "pk": 31, "fields": {"title_answer": "CERES", "content_answer": "Este es el asteroide Ceres. Como puedes ver, es gigantesco.", "img_answer": "answers/CERES_Asteroide.jpg", "option_answer": true, "question_id_question": 11}}, {"model": "db_spaceuc.answer", "pk": 32, "fields": {"title_answer": "Saturno", "content_answer": "Como puedes ver, este es Saturno.", "img_answer": "answers/Saturno.jpg", "option_answer": false, "question_id_question": 11}}, {"model": "db_spaceuc.answer", "pk": 33, "fields": {"title_answer": "Asteroide Pequeo Roca", "content_answer": "Este es un fragmento de un asteroide que se descubri en 2009 en el desierto de Nubia.", "img_answer": "answers/ARC-2009.jpg", "option_answer": false, "question_id_question": 11}}, {"model": "db_spaceuc.answer", "pk": 34, "fields": {"title_answer": "Asteroide Ida y su luna Dactyl", "content_answer": "Como puedes ver, este es el asteroide Ida acompaado de su propia luna, Dactyl.", "img_answer": "answers/Ida_y_Dactyl.jpg", "option_answer": true, "question_id_question": 12}}, {"model": "db_spaceuc.answer", "pk": 35, "fields": {"title_answer": "Plutn", "content_answer": "Este es el Planeta Plutn.", "img_answer": "answers/Pluton.jpg", "option_answer": false, "question_id_question": 12}}, {"model": "db_spaceuc.answer", "pk": 36, "fields": {"title_answer": "Asteroide Vesta", "content_answer": "Este es el asteroide Vesta, el tercero con ms tamao del cinturn de asteroides.", "img_answer": "answers/Vesta_Asteroid.jpg", "option_answer": false, "question_id_question": 12}}, {"model": "db_spaceuc.answer", "pk": 37, "fields": {"title_answer": "Zona Habitable", "content_answer": "Esta es la zona habitable de la Va Lctea. Nosotros nos encontramos en esta zona habitable!", "img_answer": "answers/ZonaHabitable.png", "option_answer": true, "question_id_question": 13}}, {"model": "db_spaceuc.answer", "pk": 38, "fields": {"title_answer": "SuperNova", "content_answer": "Esta es una supernova. Probablemente no duraramos mucho cerca de una supernova.", "img_answer": "answers/SuperNova.png", "option_answer": false, "question_id_question": 13}}, {"model": "db_spaceuc.answer", "pk": 39, "fields": {"title_answer": "Colisin de Estrellas", "content_answer": "Esta es una colisin de estrellas. Si viviramos cerca, la Tierra no durara mucho.", "img_answer": "answers/StarColision.png", "option_answer": false, "question_id_question": 13}}, {"model": "db_spaceuc.answer", "pk": 40, "fields": {"title_answer": "Planeta Jpiter", "content_answer": "Esta es Jpiter en comparacin con el planeta Tierra.", "img_answer": "answers/Planeta-Jupiter.png", "option_answer": true, "question_id_question": 14}}, {"model": "db_spaceuc.answer", "pk": 41, "fields": {"title_answer": "Kelt-9b", "content_answer": "Este es Kelt-9b, el exoplaneta de gas ms caliente conocido.", "img_answer": "answers/KELT-9b.png", "option_answer": false, "question_id_question": 14}}, {"model": "db_spaceuc.answer", "pk": 42, "fields": {"title_answer": "Plutn", "content_answer": "Este es Plutn el planeta enano.", "img_answer": "answers/pluton.png", "option_answer": false, "question_id_question": 14}}, {"model": "db_spaceuc.answer", "pk": 43, "fields": {"title_answer": "Zona Habitable", "content_answer": "Esta imagen muestra la zona habitable en la Va Lctea.", "img_answer": "answers/ZonaHabitable_f0Xf1UT.png", "option_answer": true, "question_id_question": 15}}, {"model": "db_spaceuc.answer", "pk": 44, "fields": {"title_answer": "Agujero Negro", "content_answer": "Esta es la imagen de un agujero negro, el cual es completamente inhabitable debido a que es peligroso estar cerca.", "img_answer": "answers/Agujero_Negro.png", "option_answer": false, "question_id_question": 15}}, {"model": "db_spaceuc.answer", "pk": 45, "fields": {"title_answer": "Campo de Estrellas", "content_answer": "Este es un campo de estrellas, el cual no es habitable porque est compuesto principalmente de gas, polvo y partculas.", "img_answer": "answers/Campo_de_Estrellas.png", "option_answer": false, "question_id_question": 15}}, {"model": "levels.timer", "pk": 1, "fields": {"time_left": 120, "time_start": "2025-08-29T23:03:45.454Z", "title": "Temp1"}}]
